{
  "expected_value_gibbs_state": -11.197803280349401,
  "expected_value_one_state": -12.0,
  "energy_qaoa_gibbs_state": -13.69480148952851,
  "energy_qaoa_one_state": -12.00000000000008,
  "energy_value_exact": -14
}