{
  "expected_value_gibbs_state": -9.249602909254929,
  "expected_value_one_state": -10.0,
  "energy_qaoa_gibbs_state": -10.567494617667887,
  "energy_qaoa_one_state": -10.000000000000002,
  "energy_value_exact": -13
}