{
  "expected_value_gibbs_state": -9.954937302815761,
  "expected_value_one_state": -10.0,
  "energy_qaoa_gibbs_state": -12.107433048997075,
  "energy_qaoa_one_state": -9.698143994594288,
  "energy_value_exact": -13
}