{
  "expected_value_gibbs_state": -10.049731982720147,
  "expected_value_one_state": -11.0,
  "energy_qaoa_gibbs_state": -11.568370949070566,
  "energy_qaoa_one_state": -10.825518819747298,
  "energy_value_exact": -13
}