{
  "expected_value_gibbs_state": -11.772657256561256,
  "expected_value_one_state": -12.0,
  "energy_qaoa_gibbs_state": -13.296729909493852,
  "energy_qaoa_one_state": -12.000000000000103,
  "energy_value_exact": -15
}