{
  "expected_value_gibbs_state": -10.849140749490417,
  "expected_value_one_state": -11.0,
  "energy_qaoa_gibbs_state": -12.948630663378879,
  "energy_qaoa_one_state": -10.994046368835498,
  "energy_value_exact": -14
}