{
  "expected_value_gibbs_state": -14.1331912125135,
  "expected_value_one_state": -15.0,
  "energy_qaoa_gibbs_state": -17.37873114641515,
  "energy_qaoa_one_state": -15.054836419245404,
  "energy_value_exact": -18
}