{
  "expected_value_gibbs_state": -11.134263177323692,
  "expected_value_one_state": -12.0,
  "energy_qaoa_gibbs_state": -11.54371346866052,
  "energy_qaoa_one_state": -12.000000000000012,
  "energy_value_exact": -14
}