{
  "expected_value_gibbs_state": -10.64633035161483,
  "expected_value_one_state": -11.0,
  "energy_qaoa_gibbs_state": -11.174966344805238,
  "energy_qaoa_one_state": -11.000000000000094,
  "energy_value_exact": -13
}