{
  "expected_value_gibbs_state": -10.841647033624177,
  "expected_value_one_state": -11.0,
  "energy_qaoa_gibbs_state": -12.76601608860949,
  "energy_qaoa_one_state": -10.999999999999892,
  "energy_value_exact": -14
}