{
  "expected_value_gibbs_state": -10.711482605149055,
  "expected_value_one_state": -11.0,
  "energy_qaoa_gibbs_state": -11.894825684008971,
  "energy_qaoa_one_state": -11.212861866075151,
  "energy_value_exact": -13
}