{
  "expected_value_gibbs_state": -10.18101327275574,
  "expected_value_one_state": -11.0,
  "energy_qaoa_gibbs_state": -13.007667953212625,
  "energy_qaoa_one_state": -10.841385032251663,
  "energy_value_exact": -14
}