{
  "expected_value_gibbs_state": -13.046984086301142,
  "expected_value_one_state": -14.0,
  "energy_qaoa_gibbs_state": -15.433676813042949,
  "energy_qaoa_one_state": -15.999999999999604,
  "energy_value_exact": -16
}