{
  "expected_value_gibbs_state": -12.877947149221297,
  "expected_value_one_state": -13.0,
  "energy_qaoa_gibbs_state": -13.690361564887915,
  "energy_qaoa_one_state": -13.070882353856248,
  "energy_value_exact": -15
}