{
  "expected_value_gibbs_state": -12.486019819952674,
  "expected_value_one_state": -13.0,
  "energy_qaoa_gibbs_state": -13.210424589096023,
  "energy_qaoa_one_state": -12.652482980529175,
  "energy_value_exact": -16
}