{
  "expected_value_gibbs_state": -8.550706371640677,
  "expected_value_one_state": -9.0,
  "energy_qaoa_gibbs_state": -10.164390103869852,
  "energy_qaoa_one_state": -9.044839652150905,
  "energy_value_exact": -12
}