{
  "expected_value_gibbs_state": -10.459707048461729,
  "expected_value_one_state": -11.0,
  "energy_qaoa_gibbs_state": -11.866606769262226,
  "energy_qaoa_one_state": -11.000000000000135,
  "energy_value_exact": -15
}