{
  "expected_value_gibbs_state": -10.873925119858704,
  "expected_value_one_state": -11.0,
  "energy_qaoa_gibbs_state": -12.301954801277613,
  "energy_qaoa_one_state": -11.000000000000098,
  "energy_value_exact": -15
}