{
  "expected_value_gibbs_state": -11.364775032119045,
  "expected_value_one_state": -12.0,
  "energy_qaoa_gibbs_state": -13.627662815298212,
  "energy_qaoa_one_state": -12.00000000000004,
  "energy_value_exact": -15
}