{
  "expected_value_gibbs_state": -11.835456745877282,
  "expected_value_one_state": -12.0,
  "energy_qaoa_gibbs_state": -13.968702117085838,
  "energy_qaoa_one_state": -12.000000000000062,
  "energy_value_exact": -15
}