{
  "expected_value_gibbs_state": -12.295436382990239,
  "expected_value_one_state": -13.0,
  "energy_qaoa_gibbs_state": -13.356553489749142,
  "energy_qaoa_one_state": -13.263057761672991,
  "energy_value_exact": -15
}