{
  "expected_value_gibbs_state": -12.269510879482045,
  "expected_value_one_state": -13.0,
  "energy_qaoa_gibbs_state": -12.955269053583201,
  "energy_qaoa_one_state": -12.97994505717564,
  "energy_value_exact": -16
}