{
  "expected_value_gibbs_state": -10.335923841193859,
  "expected_value_one_state": -11.0,
  "energy_qaoa_gibbs_state": -12.15987805656555,
  "energy_qaoa_one_state": -11.990445064171926,
  "energy_value_exact": -14
}