{
  "expected_value_gibbs_state": -10.50803932355824,
  "expected_value_one_state": -11.0,
  "energy_qaoa_gibbs_state": -13.503513077430524,
  "energy_qaoa_one_state": -11.541810747001643,
  "energy_value_exact": -15
}