{
  "expected_value_gibbs_state": -11.73251843777795,
  "expected_value_one_state": -12.0,
  "energy_qaoa_gibbs_state": -12.600807791310755,
  "energy_qaoa_one_state": -11.981971327491491,
  "energy_value_exact": -14
}