{
  "expected_value_gibbs_state": -9.619223246869943,
  "expected_value_one_state": -10.0,
  "energy_qaoa_gibbs_state": -11.72461078143014,
  "energy_qaoa_one_state": -9.999999999998886,
  "energy_value_exact": -13
}