{
  "expected_value_gibbs_state": -7.906949275823985,
  "expected_value_one_state": -8.0,
  "energy_qaoa_gibbs_state": -9.470344314117082,
  "energy_qaoa_one_state": -8.419624123574431,
  "energy_value_exact": -10
}