{
  "expected_value_gibbs_state": -11.912773808346135,
  "expected_value_one_state": -12.0,
  "energy_qaoa_gibbs_state": -12.759726568607217,
  "energy_qaoa_one_state": -12.132255075297467,
  "energy_value_exact": -15
}