{
  "expected_value_gibbs_state": -11.330166429437083,
  "expected_value_one_state": -12.0,
  "energy_qaoa_gibbs_state": -12.608945288131043,
  "energy_qaoa_one_state": -11.932447864809937,
  "energy_value_exact": -15
}