{
  "expected_value_gibbs_state": -10.573108729057173,
  "expected_value_one_state": -11.0,
  "energy_qaoa_gibbs_state": -11.721518061334507,
  "energy_qaoa_one_state": -11.000000000000023,
  "energy_value_exact": -14
}