{
  "expected_value_gibbs_state": -11.712171502723248,
  "expected_value_one_state": -12.0,
  "energy_qaoa_gibbs_state": -12.051624615797174,
  "energy_qaoa_one_state": -12.334446972277316,
  "energy_value_exact": -14
}