{
  "expected_value_gibbs_state": -9.468031042741654,
  "expected_value_one_state": -10.0,
  "energy_qaoa_gibbs_state": -11.016099298177837,
  "energy_qaoa_one_state": -10.000000000000108,
  "energy_value_exact": -12
}