{
  "expected_value_gibbs_state": -11.342762956332262,
  "expected_value_one_state": -12.0,
  "energy_qaoa_gibbs_state": -12.766051282956568,
  "energy_qaoa_one_state": -12.021495587502217,
  "energy_value_exact": -14
}