{
  "expected_value_gibbs_state": -10.767610922607238,
  "expected_value_one_state": -11.0,
  "energy_qaoa_gibbs_state": -12.95302403949106,
  "energy_qaoa_one_state": -10.886974001621427,
  "energy_value_exact": -14
}