{
  "expected_value_gibbs_state": -12.34815473026846,
  "expected_value_one_state": -13.0,
  "energy_qaoa_gibbs_state": -14.793924913518639,
  "energy_qaoa_one_state": -13.319662686862417,
  "energy_value_exact": -16
}