{
  "expected_value_gibbs_state": -9.78265147611856,
  "expected_value_one_state": -10.0,
  "energy_qaoa_gibbs_state": -13.221890614826789,
  "energy_qaoa_one_state": -10.000000000000151,
  "energy_value_exact": -14
}