{
  "expected_value_gibbs_state": -10.400716297341429,
  "expected_value_one_state": -11.0,
  "energy_qaoa_gibbs_state": -12.765404754461482,
  "energy_qaoa_one_state": -11.097975099080177,
  "energy_value_exact": -14
}