{
  "expected_value_gibbs_state": -12.787661631553155,
  "expected_value_one_state": -13.0,
  "energy_qaoa_gibbs_state": -13.865992877346173,
  "energy_qaoa_one_state": -13.000000000000005,
  "energy_value_exact": -16
}