{
  "expected_value_gibbs_state": -9.857736862641795,
  "expected_value_one_state": -10.0,
  "energy_qaoa_gibbs_state": -10.881326996930957,
  "energy_qaoa_one_state": -10.00000000000007,
  "energy_value_exact": -12
}