{
  "expected_value_gibbs_state": -11.12727888121397,
  "expected_value_one_state": -12.0,
  "energy_qaoa_gibbs_state": -12.77041182465689,
  "energy_qaoa_one_state": -12.000000000000114,
  "energy_value_exact": -14
}