{
  "expected_value_gibbs_state": -8.299859958734235,
  "expected_value_one_state": -9.0,
  "energy_qaoa_gibbs_state": -9.791084952587944,
  "energy_qaoa_one_state": -9.056254513816521,
  "energy_value_exact": -10
}