{
  "expected_value_gibbs_state": -4.834388098400239,
  "expected_value_one_state": -5.0,
  "energy_qaoa_gibbs_state": -6.2528063183145175,
  "energy_qaoa_one_state": -5.090491061780397,
  "energy_value_exact": -7
}