{
  "expected_value_gibbs_state": -7.257942195935124,
  "expected_value_one_state": -8.0,
  "energy_qaoa_gibbs_state": -8.635108723918464,
  "energy_qaoa_one_state": -8.500000000000034,
  "energy_value_exact": -9
}