{
  "expected_value_gibbs_state": -5.909212448835767,
  "expected_value_one_state": -6.0,
  "energy_qaoa_gibbs_state": -6.674541057494579,
  "energy_qaoa_one_state": -5.999999999997839,
  "energy_value_exact": -8
}