{
  "expected_value_gibbs_state": -7.670702175348116,
  "expected_value_one_state": -8.0,
  "energy_qaoa_gibbs_state": -8.912320330119298,
  "energy_qaoa_one_state": -7.999999999999915,
  "energy_value_exact": -10
}