{
  "expected_value_gibbs_state": -6.572810534852275,
  "expected_value_one_state": -7.0,
  "energy_qaoa_gibbs_state": -7.904012702268748,
  "energy_qaoa_one_state": -8.000000000000032,
  "energy_value_exact": -8
}