{
  "expected_value_gibbs_state": -4.834388098400237,
  "expected_value_one_state": -5.0,
  "energy_qaoa_gibbs_state": -5.8606672099556585,
  "energy_qaoa_one_state": -5.026248755170879,
  "energy_value_exact": -7
}