{
  "expected_value_gibbs_state": -8.25145031870809,
  "expected_value_one_state": -9.0,
  "energy_qaoa_gibbs_state": -9.44566498065744,
  "energy_qaoa_one_state": -9.000000000000009,
  "energy_value_exact": -10
}