{
  "expected_value_gibbs_state": -7.090922154023785,
  "expected_value_one_state": -8.0,
  "energy_qaoa_gibbs_state": -8.36428150473623,
  "energy_qaoa_one_state": -8.000000000000023,
  "energy_value_exact": -9
}