{
  "expected_value_gibbs_state": -7.3120674346206185,
  "expected_value_one_state": -8.0,
  "energy_qaoa_gibbs_state": -8.768412986122943,
  "energy_qaoa_one_state": -8.066567573114524,
  "energy_value_exact": -10
}