{
  "expected_value_gibbs_state": -7.125575849641336,
  "expected_value_one_state": -8.0,
  "energy_qaoa_gibbs_state": -8.229782166220435,
  "energy_qaoa_one_state": -8.000000000000048,
  "energy_value_exact": -9
}