{
  "expected_value_gibbs_state": -4.990363559108434,
  "expected_value_one_state": -5.0,
  "energy_qaoa_gibbs_state": -6.538021553733385,
  "energy_qaoa_one_state": -7.000000000000015,
  "energy_value_exact": -7
}