{
  "expected_value_gibbs_state": -6.572810534852277,
  "expected_value_one_state": -7.0,
  "energy_qaoa_gibbs_state": -7.58877483613864,
  "energy_qaoa_one_state": -7.000000000000027,
  "energy_value_exact": -8
}