{
  "expected_value_gibbs_state": -4.895648576272657,
  "expected_value_one_state": -5.0,
  "energy_qaoa_gibbs_state": -6.686442096890909,
  "energy_qaoa_one_state": -4.999999999999984,
  "energy_value_exact": -7
}