{
  "expected_value_gibbs_state": -4.834388098400239,
  "expected_value_one_state": -5.0,
  "energy_qaoa_gibbs_state": -5.886588942208306,
  "energy_qaoa_one_state": -4.997544254781136,
  "energy_value_exact": -7
}