{
  "expected_value_gibbs_state": -5.947153810389079,
  "expected_value_one_state": -6.0,
  "energy_qaoa_gibbs_state": -7.251865532219213,
  "energy_qaoa_one_state": -6.339640612797467,
  "energy_value_exact": -8
}