{
  "expected_value_gibbs_state": -5.42603808953834,
  "expected_value_one_state": -6.0,
  "energy_qaoa_gibbs_state": -6.672083312757506,
  "energy_qaoa_one_state": -5.999999999997537,
  "energy_value_exact": -7
}