{
  "expected_value_gibbs_state": -5.38968691356417,
  "expected_value_one_state": -6.0,
  "energy_qaoa_gibbs_state": -6.681601816423607,
  "energy_qaoa_one_state": -5.999999999999971,
  "energy_value_exact": -7
}