{
  "expected_value_gibbs_state": -6.074621278764979,
  "expected_value_one_state": -7.0,
  "energy_qaoa_gibbs_state": -6.730688290769603,
  "energy_qaoa_one_state": -7.435533956167742,
  "energy_value_exact": -8
}