{
  "expected_value_gibbs_state": -7.198762113499083,
  "expected_value_one_state": -8.0,
  "energy_qaoa_gibbs_state": -8.859651603875088,
  "energy_qaoa_one_state": -8.000000000000014,
  "energy_value_exact": -10
}