{
  "expected_value_gibbs_state": -7.160682391272966,
  "expected_value_one_state": -8.0,
  "energy_qaoa_gibbs_state": -8.024191398098054,
  "energy_qaoa_one_state": -8.000000000000027,
  "energy_value_exact": -9
}