{
  "expected_value_gibbs_state": -7.333944226024984,
  "expected_value_one_state": -8.0,
  "energy_qaoa_gibbs_state": -8.29233392640392,
  "energy_qaoa_one_state": -7.9288445080991865,
  "energy_value_exact": -10
}