{
  "expected_value_gibbs_state": -7.732897269042355,
  "expected_value_one_state": -8.0,
  "energy_qaoa_gibbs_state": -8.502662402069223,
  "energy_qaoa_one_state": -8.000000000000053,
  "energy_value_exact": -10
}