{
  "expected_value_gibbs_state": -8.095131642225722,
  "expected_value_one_state": -9.0,
  "energy_qaoa_gibbs_state": -9.155386813079812,
  "energy_qaoa_one_state": -9.00000000000007,
  "energy_value_exact": -10
}