{
  "expected_value_gibbs_state": -5.666092197078208,
  "expected_value_one_state": -6.0,
  "energy_qaoa_gibbs_state": -7.950140250298959,
  "energy_qaoa_one_state": -6.6029706611052035,
  "energy_value_exact": -8
}