{
  "expected_value_gibbs_state": -5.496778487760693,
  "expected_value_one_state": -6.0,
  "energy_qaoa_gibbs_state": -6.637737858551372,
  "energy_qaoa_one_state": -6.229010168672643,
  "energy_value_exact": -8
}