{
  "expected_value_gibbs_state": -7.2705791049258215,
  "expected_value_one_state": -8.0,
  "energy_qaoa_gibbs_state": -9.52997562058026,
  "energy_qaoa_one_state": -9.999999999997568,
  "energy_value_exact": -10
}