{
  "expected_value_gibbs_state": -8.176611906263913,
  "expected_value_one_state": -9.0,
  "energy_qaoa_gibbs_state": -8.465930906426998,
  "energy_qaoa_one_state": -9.000000000000009,
  "energy_value_exact": -10
}