{
  "expected_value_gibbs_state": -7.2705791049258215,
  "expected_value_one_state": -8.0,
  "energy_qaoa_gibbs_state": -8.057862296795847,
  "energy_qaoa_one_state": -8.040382869214552,
  "energy_value_exact": -10
}