{
  "expected_value_gibbs_state": -6.48885256204318,
  "expected_value_one_state": -7.0,
  "energy_qaoa_gibbs_state": -7.415313916697965,
  "energy_qaoa_one_state": -7.037198680031849,
  "energy_value_exact": -9
}