{
  "expected_value_gibbs_state": -5.450083701512364,
  "expected_value_one_state": -6.0,
  "energy_qaoa_gibbs_state": -6.650198763474745,
  "energy_qaoa_one_state": -6.0000000000000355,
  "energy_value_exact": -7
}