{
  "expected_value_gibbs_state": -3.734755987211137,
  "expected_value_one_state": -4.0,
  "energy_qaoa_gibbs_state": -5.289276688504868,
  "energy_qaoa_one_state": -4.000000000000006,
  "energy_value_exact": -6
}