{
  "expected_value_gibbs_state": -6.046112279143005,
  "expected_value_one_state": -7.0,
  "energy_qaoa_gibbs_state": -7.511640153937442,
  "energy_qaoa_one_state": -6.999999999999997,
  "energy_value_exact": -8
}