{
  "expected_value_gibbs_state": -6.150100455271665,
  "expected_value_one_state": -7.0,
  "energy_qaoa_gibbs_state": -7.625529395198411,
  "energy_qaoa_one_state": -7.000000000000026,
  "energy_value_exact": -9
}