{
  "expected_value_gibbs_state": -6.046112279143007,
  "expected_value_one_state": -7.0,
  "energy_qaoa_gibbs_state": -7.573202490659876,
  "energy_qaoa_one_state": -7.000000000000036,
  "energy_value_exact": -8
}