{
  "expected_value_gibbs_state": -7.2811801115792205,
  "expected_value_one_state": -8.0,
  "energy_qaoa_gibbs_state": -9.399797466990993,
  "energy_qaoa_one_state": -8.000000000000055,
  "energy_value_exact": -10
}