{
  "expected_value_gibbs_state": -4.767227582362307,
  "expected_value_one_state": -5.0,
  "energy_qaoa_gibbs_state": -5.484161604754258,
  "energy_qaoa_one_state": -5.010363769216381,
  "energy_value_exact": -6
}