{
  "expected_value_gibbs_state": -4.271373779661348,
  "expected_value_one_state": -5.0,
  "energy_qaoa_gibbs_state": -5.7284830810699265,
  "energy_qaoa_one_state": -5.0828996976396414,
  "energy_value_exact": -6
}