{
  "expected_value_gibbs_state": -7.3869185045342505,
  "expected_value_one_state": -8.0,
  "energy_qaoa_gibbs_state": -9.850396617177093,
  "energy_qaoa_one_state": -8.000000000000014,
  "energy_value_exact": -10
}