{
  "expected_value_gibbs_state": -5.371005890850447,
  "expected_value_one_state": -6.0,
  "energy_qaoa_gibbs_state": -6.716460967338251,
  "energy_qaoa_one_state": -5.9999999999994165,
  "energy_value_exact": -7
}