{
  "expected_value_gibbs_state": -8.170610608124141,
  "expected_value_one_state": -9.0,
  "energy_qaoa_gibbs_state": -9.215255237253661,
  "energy_qaoa_one_state": -9.00000000000003,
  "energy_value_exact": -10
}