{
  "expected_value_gibbs_state": -8.710018640412024,
  "expected_value_one_state": -9.0,
  "energy_qaoa_gibbs_state": -9.132833881811301,
  "energy_qaoa_one_state": -8.846810714105397,
  "energy_value_exact": -11
}