{
  "expected_value_gibbs_state": -3.6489144484594944,
  "expected_value_one_state": -4.0,
  "energy_qaoa_gibbs_state": -4.663225423224837,
  "energy_qaoa_one_state": -4.000000000000008,
  "energy_value_exact": -5
}