{
  "expected_value_gibbs_state": -7.685415776201526,
  "expected_value_one_state": -8.0,
  "energy_qaoa_gibbs_state": -8.777396016894379,
  "energy_qaoa_one_state": -8.182168127411803,
  "energy_value_exact": -10
}