{
  "expected_value_gibbs_state": -9.76926493291747,
  "expected_value_one_state": -10.0,
  "energy_qaoa_gibbs_state": -10.32335394940888,
  "energy_qaoa_one_state": -10.000000000000068,
  "energy_value_exact": -12
}