{
  "expected_value_gibbs_state": -6.19667337744796,
  "expected_value_one_state": -7.0,
  "energy_qaoa_gibbs_state": -7.98820604163253,
  "energy_qaoa_one_state": -7.000000000000011,
  "energy_value_exact": -9
}