{
  "expected_value_gibbs_state": -5.061651016008466,
  "expected_value_one_state": -6.0,
  "energy_qaoa_gibbs_state": -7.300285155324545,
  "energy_qaoa_one_state": -6.000000000000026,
  "energy_value_exact": -8
}