{
  "expected_value_gibbs_state": -6.605268422956941,
  "expected_value_one_state": -7.0,
  "energy_qaoa_gibbs_state": -7.877762751720988,
  "energy_qaoa_one_state": -6.98978382918769,
  "energy_value_exact": -9
}