{
  "expected_value_gibbs_state": -5.9471538103890795,
  "expected_value_one_state": -6.0,
  "energy_qaoa_gibbs_state": -6.805102152159851,
  "energy_qaoa_one_state": -6.236241939846782,
  "energy_value_exact": -8
}