{
  "expected_value_gibbs_state": -3.858399297159007,
  "expected_value_hadamard_state": -3.0000029999985016,
  "energy_qaoa_gibbs_state": -4.746227473631707,
  "energy_qaoa_hadamard_state": -4.648389507827565,
  "energy_value_exact": -5
}