{
  "expected_value_gibbs_state": -5.503690720073774,
  "expected_value_hadamard_state": -4.500004499989502,
  "energy_qaoa_gibbs_state": -5.990253944510195,
  "energy_qaoa_hadamard_state": -5.985003809724655,
  "energy_value_exact": -6
}