{
  "expected_value_gibbs_state": -4.499379087756026,
  "expected_value_hadamard_state": -4.0000039999925,
  "energy_qaoa_gibbs_state": -5.818502678338287,
  "energy_qaoa_hadamard_state": -5.0425027875206965,
  "energy_value_exact": -6
}