{
  "expected_value_gibbs_state": -5.8077114411526445,
  "expected_value_hadamard_state": -4.500004499989502,
  "energy_qaoa_gibbs_state": -5.984470961964844,
  "energy_qaoa_hadamard_state": -5.999999999999048,
  "energy_value_exact": -6
}