{
  "expected_value_gibbs_state": -5.807711441152643,
  "expected_value_hadamard_state": -4.5000044999895,
  "energy_qaoa_gibbs_state": -5.97371525471304,
  "energy_qaoa_hadamard_state": -5.9677359739164455,
  "energy_value_exact": -6
}