{
  "expected_value_gibbs_state": -4.875011749227906,
  "expected_value_hadamard_state": -3.5000034999969993,
  "energy_qaoa_gibbs_state": -5.847231102349157,
  "energy_qaoa_hadamard_state": -4.990712733543433,
  "energy_value_exact": -6
}