{
  "expected_value_gibbs_state": -5.315710876691163,
  "expected_value_hadamard_state": -4.5000044999895,
  "energy_qaoa_gibbs_state": -5.849628909346455,
  "energy_qaoa_hadamard_state": -5.999999999999996,
  "energy_value_exact": -6
}