{
  "expected_value_gibbs_state": -2.936844087169714,
  "expected_value_hadamard_state": -2.5000024999984993,
  "energy_qaoa_gibbs_state": -3.8641935985459197,
  "energy_qaoa_hadamard_state": -3.7380158721358097,
  "energy_value_exact": -4
}