{
  "expected_value_gibbs_state": -4.490540177272621,
  "expected_value_hadamard_state": -3.0000029999970006,
  "energy_qaoa_gibbs_state": -4.841576520749664,
  "energy_qaoa_hadamard_state": -4.731285711205046,
  "energy_value_exact": -5
}