{
  "expected_value_gibbs_state": -2.338156427057261,
  "expected_value_hadamard_state": -2.0000019999984993,
  "energy_qaoa_gibbs_state": -2.9672660016355445,
  "energy_qaoa_hadamard_state": -2.9860778775911427,
  "energy_value_exact": -3
}