{
  "expected_value_gibbs_state": -5.470152892874682,
  "expected_value_hadamard_state": -4.0000039999925,
  "energy_qaoa_gibbs_state": -5.7582934014821525,
  "energy_qaoa_hadamard_state": -5.188591536174251,
  "energy_value_exact": -6
}