{
  "expected_value_gibbs_state": -5.029088603788598,
  "expected_value_hadamard_state": -4.500004499989501,
  "energy_qaoa_gibbs_state": -5.955273581515816,
  "energy_qaoa_hadamard_state": -5.99999999988419,
  "energy_value_exact": -6
}