{
  "expected_value_gibbs_state": -3.963803963328902,
  "expected_value_hadamard_state": -2.5000024999985,
  "energy_qaoa_gibbs_state": -3.998682287911256,
  "energy_qaoa_hadamard_state": -3.7354284412568353,
  "energy_value_exact": -4
}