{
  "expected_value_gibbs_state": -3.7494578249155306,
  "expected_value_hadamard_state": -2.5000024999984998,
  "energy_qaoa_gibbs_state": -3.988838529494452,
  "energy_qaoa_hadamard_state": -3.790031672774911,
  "energy_value_exact": -4
}