{
  "expected_value_gibbs_state": -3.9305312203012384,
  "expected_value_hadamard_state": -2.500002499997,
  "energy_qaoa_gibbs_state": -3.984091922539498,
  "energy_qaoa_hadamard_state": -3.9485438736376275,
  "energy_value_exact": -4
}