{
  "expected_value_gibbs_state": -3.493216115986886,
  "expected_value_hadamard_state": -3.000002999997001,
  "energy_qaoa_gibbs_state": -4.365211082891127,
  "energy_qaoa_hadamard_state": -4.452254989773827,
  "energy_value_exact": -5
}