{
  "expected_value_gibbs_state": -4.569955074527988,
  "expected_value_hadamard_state": -4.0000039999925,
  "energy_qaoa_gibbs_state": -5.046796666873879,
  "energy_qaoa_hadamard_state": -5.265033669828663,
  "energy_value_exact": -6
}