{
  "expected_value_gibbs_state": -4.490540177272621,
  "expected_value_hadamard_state": -3.0000029999970006,
  "energy_qaoa_gibbs_state": -4.654170910436229,
  "energy_qaoa_hadamard_state": -4.167362104846111,
  "energy_value_exact": -5
}