{
  "expected_value_gibbs_state": -4.179708495892599,
  "expected_value_hadamard_state": -3.5000034999954983,
  "energy_qaoa_gibbs_state": -5.914900162824713,
  "energy_qaoa_hadamard_state": -5.589783677226517,
  "energy_value_exact": -6
}