{
  "expected_value_gibbs_state": -5.807711441152643,
  "expected_value_hadamard_state": -4.500004499989501,
  "energy_qaoa_gibbs_state": -5.947151682116527,
  "energy_qaoa_hadamard_state": -5.969444553559575,
  "energy_value_exact": -6
}