{
  "expected_value_gibbs_state": -3.9734220501660347,
  "expected_value_hadamard_state": -3.5000034999954988,
  "energy_qaoa_gibbs_state": -4.6562126309035605,
  "energy_qaoa_hadamard_state": -4.629178612535039,
  "energy_value_exact": -5
}