{
  "expected_value_gibbs_state": -5.898086135306116,
  "expected_value_hadamard_state": -4.000003999992499,
  "energy_qaoa_gibbs_state": -5.968923135908412,
  "energy_qaoa_hadamard_state": -5.590602539261123,
  "energy_value_exact": -6
}