{
  "expected_value_gibbs_state": -4.798616672332769,
  "expected_value_hadamard_state": -4.0000039999925,
  "energy_qaoa_gibbs_state": -5.6192382481723,
  "energy_qaoa_hadamard_state": -5.185138792360309,
  "energy_value_exact": -6
}