{
  "expected_value_gibbs_state": -3.6362626519548282,
  "expected_value_hadamard_state": -3.0000030000000013,
  "energy_qaoa_gibbs_state": -5.599434915751781,
  "energy_qaoa_hadamard_state": -5.67383429162153,
  "energy_value_exact": -6
}