{
  "expected_value_gibbs_state": -4.3869967435047075,
  "expected_value_hadamard_state": -3.500003499993999,
  "energy_qaoa_gibbs_state": -4.894330263987604,
  "energy_qaoa_hadamard_state": -4.734974288570835,
  "energy_value_exact": -5
}