{
  "expected_value_gibbs_state": -4.798616672332772,
  "expected_value_hadamard_state": -4.0000039999925,
  "energy_qaoa_gibbs_state": -5.245561513268006,
  "energy_qaoa_hadamard_state": -5.771320969033745,
  "energy_value_exact": -6
}