{
  "expected_value_gibbs_state": -4.74037930909006,
  "expected_value_hadamard_state": -3.000002999998502,
  "energy_qaoa_gibbs_state": -4.968848209948646,
  "energy_qaoa_hadamard_state": -4.429773195116076,
  "energy_value_exact": -5
}