{
  "expected_value_gibbs_state": -5.470152892874682,
  "expected_value_hadamard_state": -4.0000039999925,
  "energy_qaoa_gibbs_state": -5.645643052435842,
  "energy_qaoa_hadamard_state": -5.047847059812829,
  "energy_value_exact": -6
}