{
  "expected_value_gibbs_state": -4.823698993203418,
  "expected_value_hadamard_state": -3.500003499995498,
  "energy_qaoa_gibbs_state": -4.943528897598456,
  "energy_qaoa_hadamard_state": -4.850856157638276,
  "energy_value_exact": -5
}