{
  "expected_value_gibbs_state": -2.92423431452002,
  "expected_value_hadamard_state": -2.0000019999999994,
  "energy_qaoa_gibbs_state": -3.5814772143622173,
  "energy_qaoa_hadamard_state": -3.5216204306030967,
  "energy_value_exact": -4
}