{
  "expected_value_gibbs_state": -4.020673570679819,
  "expected_value_hadamard_state": -3.5000034999969993,
  "energy_qaoa_gibbs_state": -5.4420333280760715,
  "energy_qaoa_hadamard_state": -5.211666368915894,
  "energy_value_exact": -6
}