{
  "expected_value_gibbs_state": -5.898086135306115,
  "expected_value_hadamard_state": -4.0000039999925,
  "energy_qaoa_gibbs_state": -5.86696408277668,
  "energy_qaoa_hadamard_state": -5.144241560879314,
  "energy_value_exact": -6
}