{
  "expected_value_gibbs_state": -4.499379087756024,
  "expected_value_hadamard_state": -4.0000039999925,
  "energy_qaoa_gibbs_state": -5.452497657655009,
  "energy_qaoa_hadamard_state": -5.142594522135738,
  "energy_value_exact": -6
}