{
  "expected_value_gibbs_state": -3.803745786611652,
  "expected_value_hadamard_state": -2.5000024999999986,
  "energy_qaoa_gibbs_state": -4.809213920776569,
  "energy_qaoa_hadamard_state": -4.2083451937599,
  "energy_value_exact": -5
}