{
  "expected_value_gibbs_state": -3.4240098118216737,
  "expected_value_hadamard_state": -3.000002999997001,
  "energy_qaoa_gibbs_state": -4.414645686499831,
  "energy_qaoa_hadamard_state": -4.482445295138865,
  "energy_value_exact": -5
}