{
  "expected_value_gibbs_state": -4.798616672332771,
  "expected_value_hadamard_state": -4.0000039999925,
  "energy_qaoa_gibbs_state": -5.637269595376109,
  "energy_qaoa_hadamard_state": -5.303885079630937,
  "energy_value_exact": -6
}