{
  "expected_value_gibbs_state": -5.6371421565786335,
  "expected_value_hadamard_state": -3.500003499997,
  "energy_qaoa_gibbs_state": -5.8543294912901445,
  "energy_qaoa_hadamard_state": -5.337757207209142,
  "energy_value_exact": -6
}