{
  "expected_value_gibbs_state": -5.972769190699898,
  "expected_value_hadamard_state": -4.500004499989502,
  "energy_qaoa_gibbs_state": -5.9920527931969625,
  "energy_qaoa_hadamard_state": -5.707969546611997,
  "energy_value_exact": -6
}