{
  "expected_value_gibbs_state": -4.471794418315376,
  "expected_value_hadamard_state": -3.5000034999969976,
  "energy_qaoa_gibbs_state": -5.554152403512109,
  "energy_qaoa_hadamard_state": -4.917883620736608,
  "energy_value_exact": -6
}