{
  "expected_value_gibbs_state": -3.7494578249155315,
  "expected_value_hadamard_state": -2.5000024999984998,
  "energy_qaoa_gibbs_state": -3.9261123156175923,
  "energy_qaoa_hadamard_state": -3.8432048430098162,
  "energy_value_exact": -4
}