{
  "expected_value_gibbs_state": -4.976960583924087,
  "expected_value_hadamard_state": -3.5000034999955,
  "energy_qaoa_gibbs_state": -4.992717228190063,
  "energy_qaoa_hadamard_state": -4.7318164657244495,
  "energy_value_exact": -5
}