{
  "expected_value_gibbs_state": -2.936844087169713,
  "expected_value_hadamard_state": -2.5000024999984993,
  "energy_qaoa_gibbs_state": -3.806788629148625,
  "energy_qaoa_hadamard_state": -3.8080099576297743,
  "energy_value_exact": -4
}