{
  "expected_value_gibbs_state": -5.189948095021262,
  "expected_value_hadamard_state": -4.500004499989501,
  "energy_qaoa_gibbs_state": -5.999917877359273,
  "energy_qaoa_hadamard_state": -5.782630897342363,
  "energy_value_exact": -6
}