{
  "expected_value_gibbs_state": -5.898086135306116,
  "expected_value_hadamard_state": -4.000003999992499,
  "energy_qaoa_gibbs_state": -5.989264444273132,
  "energy_qaoa_hadamard_state": -5.213759845344306,
  "energy_value_exact": -6
}