{
  "expected_value_gibbs_state": -5.209809376675843,
  "expected_value_hadamard_state": -4.000003999993999,
  "energy_qaoa_gibbs_state": -5.915161453624169,
  "energy_qaoa_hadamard_state": -5.659002608562634,
  "energy_value_exact": -6
}