{
  "expected_value_gibbs_state": -4.569955074527988,
  "expected_value_hadamard_state": -4.0000039999925,
  "energy_qaoa_gibbs_state": -5.594254386579374,
  "energy_qaoa_hadamard_state": -5.720118505160022,
  "energy_value_exact": -6
}