{
  "expected_value_gibbs_state": -4.569955074527989,
  "expected_value_hadamard_state": -4.000003999992499,
  "energy_qaoa_gibbs_state": -5.550413810400068,
  "energy_qaoa_hadamard_state": -5.201696508046794,
  "energy_value_exact": -6
}