{
  "expected_value_gibbs_state": -5.807711441152643,
  "expected_value_hadamard_state": -4.500004499989501,
  "energy_qaoa_gibbs_state": -5.90799011368277,
  "energy_qaoa_hadamard_state": -5.945233482588515,
  "energy_value_exact": -6
}