{
  "expected_value_gibbs_state": -5.898086135306115,
  "expected_value_hadamard_state": -4.0000039999925,
  "energy_qaoa_gibbs_state": -5.978488207354285,
  "energy_qaoa_hadamard_state": -5.4750906823053,
  "energy_value_exact": -6
}