{
  "expected_value_gibbs_state": -3.733175628572063,
  "expected_value_hadamard_state": -3.000002999997001,
  "energy_qaoa_gibbs_state": -4.7286030683369065,
  "energy_qaoa_hadamard_state": -4.329844470337181,
  "energy_value_exact": -5
}