{
  "expected_value_gibbs_state": -3.5894694359965267,
  "expected_value_hadamard_state": -3.000002999997001,
  "energy_qaoa_gibbs_state": -4.71654597005802,
  "energy_qaoa_hadamard_state": -4.72594698027726,
  "energy_value_exact": -5
}