{
  "expected_value_gibbs_state": -5.014193323763881,
  "expected_value_hadamard_state": -4.000003999992499,
  "energy_qaoa_gibbs_state": -5.350224944457414,
  "energy_qaoa_hadamard_state": -5.1480888805569265,
  "energy_value_exact": -6
}