{
  "expected_value_gibbs_state": -3.5894694359965276,
  "expected_value_hadamard_state": -3.0000029999970006,
  "energy_qaoa_gibbs_state": -4.4177659145254555,
  "energy_qaoa_hadamard_state": -4.375561758458355,
  "energy_value_exact": -5
}