{
  "expected_value_gibbs_state": -5.47015289287468,
  "expected_value_hadamard_state": -4.0000039999925,
  "energy_qaoa_gibbs_state": -5.589179734411926,
  "energy_qaoa_hadamard_state": -5.79395903645427,
  "energy_value_exact": -6
}