{
  "expected_value_gibbs_state": -4.738455276212379,
  "expected_value_hadamard_state": -3.500003499995498,
  "energy_qaoa_gibbs_state": -5.627426703450212,
  "energy_qaoa_hadamard_state": -5.63409225508624,
  "energy_value_exact": -6
}