{
  "expected_value_gibbs_state": -4.569955074527988,
  "expected_value_hadamard_state": -4.000003999992499,
  "energy_qaoa_gibbs_state": -5.074924490120845,
  "energy_qaoa_hadamard_state": -5.180646324648432,
  "energy_value_exact": -6
}