{
  "expected_value_gibbs_state": -5.661528733138679,
  "expected_value_hadamard_state": -3.5000034999954988,
  "energy_qaoa_gibbs_state": -5.9999998547554885,
  "energy_qaoa_hadamard_state": -5.530398837929561,
  "energy_value_exact": -6
}