{
  "expected_value_gibbs_state": -4.740091752343563,
  "expected_value_hadamard_state": -4.000003999993999,
  "energy_qaoa_gibbs_state": -5.67083312303428,
  "energy_qaoa_hadamard_state": -5.909726667880912,
  "energy_value_exact": -6
}