{
  "expected_value_gibbs_state": -5.981846928290562,
  "expected_value_hadamard_state": -5.000004999985002,
  "energy_qaoa_gibbs_state": -6.0000000000000195,
  "energy_qaoa_hadamard_state": -6.000000000000009,
  "energy_value_exact": -6
}