{
  "expected_value_gibbs_state": -5.189948095021262,
  "expected_value_hadamard_state": -4.500004499989501,
  "energy_qaoa_gibbs_state": -5.9020391058715695,
  "energy_qaoa_hadamard_state": -5.768809106919569,
  "energy_value_exact": -6
}