{
  "expected_value_gibbs_state": -4.144768251160461,
  "expected_value_hadamard_state": -3.500003499995497,
  "energy_qaoa_gibbs_state": -4.685924142322437,
  "energy_qaoa_hadamard_state": -4.895259660501161,
  "energy_value_exact": -5
}