{
  "expected_value_gibbs_state": -3.7494578249155306,
  "expected_value_hadamard_state": -2.5000024999984993,
  "energy_qaoa_gibbs_state": -3.982294346690085,
  "energy_qaoa_hadamard_state": -3.85884979412641,
  "energy_value_exact": -4
}