{
  "expected_value_gibbs_state": -4.740379309090059,
  "expected_value_hadamard_state": -3.000002999998501,
  "energy_qaoa_gibbs_state": -4.906389086231364,
  "energy_qaoa_hadamard_state": -4.754039806163252,
  "energy_value_exact": -5
}