{
  "expected_value_gibbs_state": -3.9753554621620752,
  "expected_value_hadamard_state": -3.000002999997001,
  "energy_qaoa_gibbs_state": -4.586582956562967,
  "energy_qaoa_hadamard_state": -4.16025872322856,
  "energy_value_exact": -5
}