{
  "expected_value_gibbs_state": -5.014193323763879,
  "expected_value_hadamard_state": -4.0000039999925,
  "energy_qaoa_gibbs_state": -5.557629982838609,
  "energy_qaoa_hadamard_state": -5.345236666414726,
  "energy_value_exact": -6
}