{
  "expected_value_gibbs_state": -4.2852706935739375,
  "expected_value_hadamard_state": -3.500003499995498,
  "energy_qaoa_gibbs_state": -4.991278620335668,
  "energy_qaoa_hadamard_state": -4.841894377366392,
  "energy_value_exact": -5
}