{
  "expected_value_gibbs_state": -5.757781207936655,
  "expected_value_hadamard_state": -5.000004999985002,
  "energy_qaoa_gibbs_state": -5.999999999999956,
  "energy_qaoa_hadamard_state": -5.9827462370684685,
  "energy_value_exact": -6
}