{
  "expected_value_gibbs_state": -4.14476825116046,
  "expected_value_hadamard_state": -3.500003499995498,
  "energy_qaoa_gibbs_state": -4.622962720439943,
  "energy_qaoa_hadamard_state": -4.687782084715534,
  "energy_value_exact": -5
}