{
  "expected_value_gibbs_state": -3.4240098118216733,
  "expected_value_hadamard_state": -3.000002999997001,
  "energy_qaoa_gibbs_state": -4.450905126189498,
  "energy_qaoa_hadamard_state": -4.069884350682267,
  "energy_value_exact": -5
}