{
  "expected_value_gibbs_state": -4.823698993203419,
  "expected_value_hadamard_state": -3.5000034999955005,
  "energy_qaoa_gibbs_state": -4.973231428224816,
  "energy_qaoa_hadamard_state": -4.909486574305305,
  "energy_value_exact": -5
}