{
  "expected_value_gibbs_state": -4.046180115030227,
  "expected_value_hadamard_state": -3.500003499995498,
  "energy_qaoa_gibbs_state": -4.809855629301727,
  "energy_qaoa_hadamard_state": -4.818346744179727,
  "energy_value_exact": -5
}