{
  "expected_value_gibbs_state": -3.424009811821674,
  "expected_value_hadamard_state": -3.000002999997001,
  "energy_qaoa_gibbs_state": -4.8696225771467265,
  "energy_qaoa_hadamard_state": -4.399725597543748,
  "energy_value_exact": -5
}