{
  "expected_value_gibbs_state": -3.858399297159007,
  "expected_value_hadamard_state": -3.000002999998501,
  "energy_qaoa_gibbs_state": -4.467648755423298,
  "energy_qaoa_hadamard_state": -4.645445168545406,
  "energy_value_exact": -5
}