{
  "expected_value_gibbs_state": -3.0264551172576373,
  "expected_value_hadamard_state": -2.5000024999985007,
  "energy_qaoa_gibbs_state": -3.975247817123341,
  "energy_qaoa_hadamard_state": -3.6258400910071944,
  "energy_value_exact": -4
}