{
  "expected_value_gibbs_state": -3.4240098118216737,
  "expected_value_hadamard_state": -3.0000029999970006,
  "energy_qaoa_gibbs_state": -4.311716069957427,
  "energy_qaoa_hadamard_state": -4.241887798175318,
  "energy_value_exact": -5
}