{
  "expected_value_gibbs_state": -5.898086135306115,
  "expected_value_hadamard_state": -4.0000039999925,
  "energy_qaoa_gibbs_state": -5.991095669500802,
  "energy_qaoa_hadamard_state": -5.777659432965297,
  "energy_value_exact": -6
}