{
  "expected_value_gibbs_state": -3.5894694359965276,
  "expected_value_hadamard_state": -3.000002999997001,
  "energy_qaoa_gibbs_state": -4.265202251012829,
  "energy_qaoa_hadamard_state": -4.284349754854157,
  "energy_value_exact": -5
}