{
  "expected_value_gibbs_state": -4.064128242856101,
  "expected_value_hadamard_state": -3.5000034999954988,
  "energy_qaoa_gibbs_state": -5.640248549601239,
  "energy_qaoa_hadamard_state": -5.995738720334557,
  "energy_value_exact": -6
}