{
  "expected_value_gibbs_state": -4.569955074527988,
  "expected_value_hadamard_state": -4.0000039999925,
  "energy_qaoa_gibbs_state": -5.819012960968641,
  "energy_qaoa_hadamard_state": -5.15487886194523,
  "energy_value_exact": -6
}