{
  "expected_value_gibbs_state": -5.470152892874682,
  "expected_value_hadamard_state": -4.0000039999925,
  "energy_qaoa_gibbs_state": -5.918698968433448,
  "energy_qaoa_hadamard_state": -5.055229523146968,
  "energy_value_exact": -6
}