{
  "expected_value_gibbs_state": -3.7331756285720634,
  "expected_value_hadamard_state": -3.0000029999970006,
  "energy_qaoa_gibbs_state": -4.472312229423237,
  "energy_qaoa_hadamard_state": -4.452254989773805,
  "energy_value_exact": -5
}