{
  "expected_value_gibbs_state": -5.961383809540604,
  "expected_value_hadamard_state": -3.5000034999969993,
  "energy_qaoa_gibbs_state": -5.998725223077734,
  "energy_qaoa_hadamard_state": -4.951349520444561,
  "energy_value_exact": -6
}