{
  "expected_value_gibbs_state": -4.285270693573937,
  "expected_value_hadamard_state": -3.5000034999954996,
  "energy_qaoa_gibbs_state": -4.950063643246212,
  "energy_qaoa_hadamard_state": -4.636597084276675,
  "energy_value_exact": -5
}