{
  "expected_value_gibbs_state": -4.917008877798604,
  "expected_value_hadamard_state": -4.000003999993999,
  "energy_qaoa_gibbs_state": -5.996539833505498,
  "energy_qaoa_hadamard_state": -5.930134538483333,
  "energy_value_exact": -6
}