{
  "expected_value_gibbs_state": -4.499379087756025,
  "expected_value_hadamard_state": -4.0000039999925,
  "energy_qaoa_gibbs_state": -5.032976850124139,
  "energy_qaoa_hadamard_state": -5.046318571675434,
  "energy_value_exact": -6
}