{
  "expected_value_gibbs_state": -4.49054017727262,
  "expected_value_hadamard_state": -3.000002999997001,
  "energy_qaoa_gibbs_state": -4.788525308731124,
  "energy_qaoa_hadamard_state": -4.470433598109363,
  "energy_value_exact": -5
}