{
  "expected_value_gibbs_state": -3.963803963328902,
  "expected_value_hadamard_state": -2.5000024999984998,
  "energy_qaoa_gibbs_state": -3.8657624978299476,
  "energy_qaoa_hadamard_state": -3.974804352714124,
  "energy_value_exact": -4
}