{
  "expected_value_gibbs_state": -3.424009811821674,
  "expected_value_hadamard_state": -3.0000029999970006,
  "energy_qaoa_gibbs_state": -4.451470150857334,
  "energy_qaoa_hadamard_state": -4.088760005919454,
  "energy_value_exact": -5
}