{
  "expected_value_gibbs_state": -3.5894694359965276,
  "expected_value_hadamard_state": -3.0000029999970006,
  "energy_qaoa_gibbs_state": -4.683725552679315,
  "energy_qaoa_hadamard_state": -4.1995481028308,
  "energy_value_exact": -5
}