{
  "expected_value_gibbs_state": -3.668547246658435,
  "expected_value_hadamard_state": -3.0000029999985007,
  "energy_qaoa_gibbs_state": -4.8810344454216965,
  "energy_qaoa_hadamard_state": -4.633131297473064,
  "energy_value_exact": -5
}