{
  "expected_value_gibbs_state": -5.898086135306119,
  "expected_value_hadamard_state": -4.000003999992499,
  "energy_qaoa_gibbs_state": -5.921783039439376,
  "energy_qaoa_hadamard_state": -5.148657105749141,
  "energy_value_exact": -6
}