{
  "expected_value_gibbs_state": -3.4932161159868858,
  "expected_value_hadamard_state": -3.000002999997001,
  "energy_qaoa_gibbs_state": -4.269337218053657,
  "energy_qaoa_hadamard_state": -4.792435305936476,
  "energy_value_exact": -5
}