{
  "expected_value_gibbs_state": -3.546806543840702,
  "expected_value_hadamard_state": -3.000002999998501,
  "energy_qaoa_gibbs_state": -4.525577859743738,
  "energy_qaoa_hadamard_state": -4.401265520115313,
  "energy_value_exact": -5
}