{
  "expected_value_gibbs_state": -5.807711441152642,
  "expected_value_hadamard_state": -4.500004499989501,
  "energy_qaoa_gibbs_state": -6.000000000000004,
  "energy_qaoa_hadamard_state": -5.88470809196092,
  "energy_value_exact": -6
}