{
  "expected_value_gibbs_state": -4.144768251160461,
  "expected_value_hadamard_state": -3.5000034999954996,
  "energy_qaoa_gibbs_state": -4.9494795683831905,
  "energy_qaoa_hadamard_state": -4.93806465257183,
  "energy_value_exact": -5
}