{
  "expected_value_gibbs_state": -4.498309492763401,
  "expected_value_hadamard_state": -3.5000034999954996,
  "energy_qaoa_gibbs_state": -4.86225051416581,
  "energy_qaoa_hadamard_state": -4.7224878398754235,
  "energy_value_exact": -5
}