{
  "expected_value_gibbs_state": -5.01419332376388,
  "expected_value_hadamard_state": -4.000003999992499,
  "energy_qaoa_gibbs_state": -5.257431895639126,
  "energy_qaoa_hadamard_state": -5.279261374735471,
  "energy_value_exact": -6
}