{
  "expected_value_gibbs_state": -4.499379087756025,
  "expected_value_hadamard_state": -4.0000039999925,
  "energy_qaoa_gibbs_state": -5.9048005239449415,
  "energy_qaoa_hadamard_state": -5.134464721212172,
  "energy_value_exact": -6
}