{
  "expected_value_gibbs_state": -4.823698993203417,
  "expected_value_hadamard_state": -3.5000034999955005,
  "energy_qaoa_gibbs_state": -4.9610955030995605,
  "energy_qaoa_hadamard_state": -4.583102269060737,
  "energy_value_exact": -5
}