{
  "expected_value_gibbs_state": -5.470152892874683,
  "expected_value_hadamard_state": -4.000003999992499,
  "energy_qaoa_gibbs_state": -5.668125892269439,
  "energy_qaoa_hadamard_state": -5.194105007407444,
  "energy_value_exact": -6
}