{
  "expected_value_gibbs_state": -3.975355462162076,
  "expected_value_hadamard_state": -3.0000029999970006,
  "energy_qaoa_gibbs_state": -4.575817364529945,
  "energy_qaoa_hadamard_state": -4.333320837782745,
  "energy_value_exact": -5
}