{
  "expected_value_gibbs_state": -4.4983094927634,
  "expected_value_hadamard_state": -3.500003499995498,
  "energy_qaoa_gibbs_state": -4.70249858438214,
  "energy_qaoa_hadamard_state": -4.77668107052078,
  "energy_value_exact": -5
}