{
  "expected_value_gibbs_state": -3.5894694359965267,
  "expected_value_hadamard_state": -3.0000029999970015,
  "energy_qaoa_gibbs_state": -4.568226354054325,
  "energy_qaoa_hadamard_state": -4.498143131402304,
  "energy_value_exact": -5
}