{
  "expected_value_gibbs_state": -5.637142156578634,
  "expected_value_hadamard_state": -3.5000034999969993,
  "energy_qaoa_gibbs_state": -5.963569606993772,
  "energy_qaoa_hadamard_state": -5.008903726396799,
  "energy_value_exact": -6
}