{
  "expected_value_gibbs_state": -5.209809376675846,
  "expected_value_hadamard_state": -4.000003999993999,
  "energy_qaoa_gibbs_state": -5.949030953155475,
  "energy_qaoa_hadamard_state": -5.737588011378669,
  "energy_value_exact": -6
}