{
  "expected_value_gibbs_state": -5.3157108766911625,
  "expected_value_hadamard_state": -4.500004499989501,
  "energy_qaoa_gibbs_state": -5.975507847858476,
  "energy_qaoa_hadamard_state": -5.798733413123028,
  "energy_value_exact": -6
}