{
  "expected_value_gibbs_state": -4.114670638159631,
  "expected_value_hadamard_state": -3.5000034999969984,
  "energy_qaoa_gibbs_state": -5.029589671999218,
  "energy_qaoa_hadamard_state": -5.365045440673102,
  "energy_value_exact": -6
}