{
  "expected_value_gibbs_state": -3.424009811821673,
  "expected_value_hadamard_state": -3.000002999997001,
  "energy_qaoa_gibbs_state": -4.357227218140058,
  "energy_qaoa_hadamard_state": -4.367163401109356,
  "energy_value_exact": -5
}