{
  "expected_value_gibbs_state": -2.6430254750632685,
  "expected_value_hadamard_state": -2.0000019999999994,
  "energy_qaoa_gibbs_state": -3.689298293635501,
  "energy_qaoa_hadamard_state": -3.5942080332832322,
  "energy_value_exact": -4
}