{
  "expected_value_gibbs_state": -4.569955074527989,
  "expected_value_hadamard_state": -4.0000039999925,
  "energy_qaoa_gibbs_state": -5.852520561660809,
  "energy_qaoa_hadamard_state": -5.16231112551989,
  "energy_value_exact": -6
}