{
  "expected_value_gibbs_state": -2.3302808258492598,
  "expected_value_hadamard_state": -2.000002,
  "energy_qaoa_gibbs_state": -3.5203772276225065,
  "energy_qaoa_hadamard_state": -3.6422192902159787,
  "energy_value_exact": -4
}