{
  "expected_value_gibbs_state": -5.470152892874682,
  "expected_value_hadamard_state": -4.000003999992499,
  "energy_qaoa_gibbs_state": -5.645643052435842,
  "energy_qaoa_hadamard_state": -5.504193785918144,
  "energy_value_exact": -6
}