{
  "expected_value_gibbs_state": -4.285270693573936,
  "expected_value_hadamard_state": -3.5000034999955005,
  "energy_qaoa_gibbs_state": -4.56677506805437,
  "energy_qaoa_hadamard_state": -4.850856157638251,
  "energy_value_exact": -5
}