{
  "expected_value_gibbs_state": -5.014193323763881,
  "expected_value_hadamard_state": -4.000003999992499,
  "energy_qaoa_gibbs_state": -5.3326694403230706,
  "energy_qaoa_hadamard_state": -5.589446485696244,
  "energy_value_exact": -6
}