{
  "expected_value_gibbs_state": -5.029088603788597,
  "expected_value_hadamard_state": -4.500004499989501,
  "energy_qaoa_gibbs_state": -5.99871158863446,
  "energy_qaoa_hadamard_state": -6.0000000000000195,
  "energy_value_exact": -6
}