{
  "expected_value_gibbs_state": -5.972769190699896,
  "expected_value_hadamard_state": -4.500004499989501,
  "energy_qaoa_gibbs_state": -5.9938115798344365,
  "energy_qaoa_hadamard_state": -5.762928112149751,
  "energy_value_exact": -6
}