{
  "expected_value_gibbs_state": -4.740091752343564,
  "expected_value_hadamard_state": -4.000003999994,
  "energy_qaoa_gibbs_state": -5.698444702592601,
  "energy_qaoa_hadamard_state": -5.766198752270158,
  "energy_value_exact": -6
}