{
  "expected_value_gibbs_state": -5.503690720073768,
  "expected_value_hadamard_state": -4.500004499989502,
  "energy_qaoa_gibbs_state": -5.818839728920231,
  "energy_qaoa_hadamard_state": -5.798792421399114,
  "energy_value_exact": -6
}