{
  "expected_value_gibbs_state": -3.3757880913000156,
  "expected_value_hadamard_state": -2.5000024999984993,
  "energy_qaoa_gibbs_state": -3.99204654585339,
  "energy_qaoa_hadamard_state": -3.711737665621783,
  "energy_value_exact": -4
}