{
  "expected_value_gibbs_state": -3.424009811821674,
  "expected_value_hadamard_state": -3.000002999997001,
  "energy_qaoa_gibbs_state": -4.645657029831794,
  "energy_qaoa_hadamard_state": -4.192952862576142,
  "energy_value_exact": -5
}