{
  "expected_value_gibbs_state": -4.114670638159631,
  "expected_value_hadamard_state": -3.500003499996999,
  "energy_qaoa_gibbs_state": -5.320670776190779,
  "energy_qaoa_hadamard_state": -5.256144899278198,
  "energy_value_exact": -6
}