{
  "expected_value_gibbs_state": -5.098742438240986,
  "expected_value_hadamard_state": -4.500004499989501,
  "energy_qaoa_gibbs_state": -5.893873362821677,
  "energy_qaoa_hadamard_state": -5.9635655989706455,
  "energy_value_exact": -6
}