{
  "expected_value_gibbs_state": -5.871878877696252,
  "expected_value_hadamard_state": -5.000004999985002,
  "energy_qaoa_gibbs_state": -6.000000000000021,
  "energy_qaoa_hadamard_state": -5.970151535309446,
  "energy_value_exact": -6
}