{
  "expected_value_gibbs_state": -4.79861667233277,
  "expected_value_hadamard_state": -4.0000039999925,
  "energy_qaoa_gibbs_state": -5.2844761133552245,
  "energy_qaoa_hadamard_state": -5.541126527306061,
  "energy_value_exact": -6
}