{
  "expected_value_gibbs_state": -4.798616672332772,
  "expected_value_hadamard_state": -4.0000039999925,
  "energy_qaoa_gibbs_state": -5.4020042698606385,
  "energy_qaoa_hadamard_state": -4.99807900545585,
  "energy_value_exact": -6
}