{
  "expected_value_gibbs_state": -4.823698993203418,
  "expected_value_hadamard_state": -3.5000034999954988,
  "energy_qaoa_gibbs_state": -4.956328869658037,
  "energy_qaoa_hadamard_state": -4.700109931146709,
  "energy_value_exact": -5
}