{
  "expected_value_gibbs_state": -3.1599749453592105,
  "expected_value_hadamard_state": -2.5000024999984993,
  "energy_qaoa_gibbs_state": -3.9776435702118427,
  "energy_qaoa_hadamard_state": -3.9957101241716244,
  "energy_value_exact": -4
}