{
  "expected_value_gibbs_state": -3.589469435996528,
  "expected_value_hadamard_state": -3.0000029999970006,
  "energy_qaoa_gibbs_state": -4.857493171159911,
  "energy_qaoa_hadamard_state": -4.286180745618199,
  "energy_value_exact": -5
}