{
  "expected_value_gibbs_state": -4.977995875974599,
  "expected_value_hadamard_state": -2.5000024999999986,
  "energy_qaoa_gibbs_state": -4.9994937662359735,
  "energy_qaoa_hadamard_state": -4.875398168441523,
  "energy_value_exact": -5
}