{
  "expected_value_gibbs_state": -4.917008877798602,
  "expected_value_hadamard_state": -4.000003999994,
  "energy_qaoa_gibbs_state": -5.875270935344764,
  "energy_qaoa_hadamard_state": -5.84026205969943,
  "energy_value_exact": -6
}