{
  "expected_value_gibbs_state": -4.798616672332771,
  "expected_value_hadamard_state": -4.000003999992499,
  "energy_qaoa_gibbs_state": -5.110812779518975,
  "energy_qaoa_hadamard_state": -5.160511280671976,
  "energy_value_exact": -6
}