{
  "expected_value_gibbs_state": -5.0290886037885985,
  "expected_value_hadamard_state": -4.5000044999895,
  "energy_qaoa_gibbs_state": -5.862565129413037,
  "energy_qaoa_hadamard_state": -5.794151065513925,
  "energy_value_exact": -6
}