{
  "expected_value_gibbs_state": -4.144768251160461,
  "expected_value_hadamard_state": -3.5000034999955005,
  "energy_qaoa_gibbs_state": -4.645690416930346,
  "energy_qaoa_hadamard_state": -4.689167904377642,
  "energy_value_exact": -5
}