{
  "expected_value_gibbs_state": -5.3157108766911625,
  "expected_value_hadamard_state": -4.500004499989502,
  "energy_qaoa_gibbs_state": -5.8603879940409405,
  "energy_qaoa_hadamard_state": -5.800169909656322,
  "energy_value_exact": -6
}