{
  "expected_value_gibbs_state": -3.0264551172576373,
  "expected_value_hadamard_state": -2.5000024999984993,
  "energy_qaoa_gibbs_state": -3.769760870454772,
  "energy_qaoa_hadamard_state": -3.9507857984741244,
  "energy_value_exact": -4
}