{
  "expected_value_gibbs_state": -4.971294768813932,
  "expected_value_hadamard_state": -3.0000029999985007,
  "energy_qaoa_gibbs_state": -4.992466467891994,
  "energy_qaoa_hadamard_state": -4.522755797070513,
  "energy_value_exact": -5
}