{
  "expected_value_gibbs_state": -3.827341868080017,
  "expected_value_hadamard_state": -3.0000029999970006,
  "energy_qaoa_gibbs_state": -3.985310057384349,
  "energy_qaoa_hadamard_state": -3.9781056927466696,
  "energy_value_exact": -4
}