{
  "expected_value_gibbs_state": -5.209809376675842,
  "expected_value_hadamard_state": -4.000003999993999,
  "energy_qaoa_gibbs_state": -5.6757433966128,
  "energy_qaoa_hadamard_state": -6.000000000000026,
  "energy_value_exact": -6
}