{
  "expected_value_gibbs_state": -2.6423912339336484,
  "expected_value_hadamard_state": -1.5000014999999998,
  "energy_qaoa_gibbs_state": -2.9999999319397936,
  "energy_qaoa_hadamard_state": -2.808764577030182,
  "energy_value_exact": -3
}