{
  "expected_value_gibbs_state": -4.97696058392409,
  "expected_value_hadamard_state": -3.500003499995498,
  "energy_qaoa_gibbs_state": -4.99740341751464,
  "energy_qaoa_hadamard_state": -4.936540996590981,
  "energy_value_exact": -5
}