{
  "expected_value_gibbs_state": -3.749457824915532,
  "expected_value_hadamard_state": -2.5000024999984993,
  "energy_qaoa_gibbs_state": -3.87046269849025,
  "energy_qaoa_hadamard_state": -3.903927858119441,
  "energy_value_exact": -4
}