{
  "expected_value_gibbs_state": -3.4240098118216737,
  "expected_value_hadamard_state": -3.000002999997,
  "energy_qaoa_gibbs_state": -4.3368157419247755,
  "energy_qaoa_hadamard_state": -4.171379397967138,
  "energy_value_exact": -5
}