{
  "expected_value_gibbs_state": -5.637142156578636,
  "expected_value_hadamard_state": -3.500003499997,
  "energy_qaoa_gibbs_state": -5.9844042636265815,
  "energy_qaoa_hadamard_state": -5.0364009304646,
  "energy_value_exact": -6
}