{
  "expected_value_gibbs_state": -4.144768251160461,
  "expected_value_hadamard_state": -3.500003499995497,
  "energy_qaoa_gibbs_state": -4.661860515468549,
  "energy_qaoa_hadamard_state": -4.540789679040335,
  "energy_value_exact": -5
}