{
  "expected_value_gibbs_state": -3.3757880913000156,
  "expected_value_hadamard_state": -2.5000024999984993,
  "energy_qaoa_gibbs_state": -3.832212249457883,
  "energy_qaoa_hadamard_state": -3.7111468750969676,
  "energy_value_exact": -4
}