{
  "expected_value_gibbs_state": -4.569955074527989,
  "expected_value_hadamard_state": -4.0000039999925,
  "energy_qaoa_gibbs_state": -5.3625688308766435,
  "energy_qaoa_hadamard_state": -5.134521424759756,
  "energy_value_exact": -6
}