{
  "expected_value_gibbs_state": -3.9734220501660347,
  "expected_value_hadamard_state": -3.5000034999954988,
  "energy_qaoa_gibbs_state": -4.452938625636055,
  "energy_qaoa_hadamard_state": -4.713596414222472,
  "energy_value_exact": -5
}