{
  "expected_value_gibbs_state": -4.285270693573936,
  "expected_value_hadamard_state": -3.5000034999955005,
  "energy_qaoa_gibbs_state": -4.968618096205928,
  "energy_qaoa_hadamard_state": -4.980821349392974,
  "energy_value_exact": -5
}