{
  "expected_value_gibbs_state": -5.098742438240986,
  "expected_value_hadamard_state": -4.5000044999895,
  "energy_qaoa_gibbs_state": -5.999999999986224,
  "energy_qaoa_hadamard_state": -5.999999992868446,
  "energy_value_exact": -6
}