{
  "expected_value_gibbs_state": -3.9734220501660356,
  "expected_value_hadamard_state": -3.500003499995498,
  "energy_qaoa_gibbs_state": -4.791092528180162,
  "energy_qaoa_hadamard_state": -4.590222020768543,
  "energy_value_exact": -5
}