{
  "expected_value_gibbs_state": -3.668547246658438,
  "expected_value_hadamard_state": -3.000002999998501,
  "energy_qaoa_gibbs_state": -4.399947051929165,
  "energy_qaoa_hadamard_state": -4.755519722380977,
  "energy_value_exact": -5
}