{
  "expected_value_gibbs_state": -3.9305312203012384,
  "expected_value_hadamard_state": -2.500002499997,
  "energy_qaoa_gibbs_state": -3.9999999807762587,
  "energy_qaoa_hadamard_state": -4.000000000000002,
  "energy_value_exact": -4
}