{
  "expected_value_gibbs_state": -4.740091752343566,
  "expected_value_hadamard_state": -4.000003999994,
  "energy_qaoa_gibbs_state": -5.9952706245609875,
  "energy_qaoa_hadamard_state": -5.930134538439075,
  "energy_value_exact": -6
}