{
  "expected_value_gibbs_state": -4.917008877798601,
  "expected_value_hadamard_state": -4.000003999994,
  "energy_qaoa_gibbs_state": -5.654531600295652,
  "energy_qaoa_hadamard_state": -5.726739971544363,
  "energy_value_exact": -6
}