{
  "expected_value_gibbs_state": -3.4932161159868858,
  "expected_value_hadamard_state": -3.000002999997001,
  "energy_qaoa_gibbs_state": -4.494849446407995,
  "energy_qaoa_hadamard_state": -4.177271766593533,
  "energy_value_exact": -5
}