{
  "expected_value_gibbs_state": -4.971294768813932,
  "expected_value_hadamard_state": -3.0000029999985016,
  "energy_qaoa_gibbs_state": -4.944594589736306,
  "energy_qaoa_hadamard_state": -4.818391319052031,
  "energy_value_exact": -5
}