{
  "expected_value_gibbs_state": -4.490540177272621,
  "expected_value_hadamard_state": -3.000002999997001,
  "energy_qaoa_gibbs_state": -4.842513474992172,
  "energy_qaoa_hadamard_state": -4.329844470337192,
  "energy_value_exact": -5
}