{
  "expected_value_gibbs_state": -5.999664593607604,
  "expected_value_hadamard_state": -5.000004999985003,
  "energy_qaoa_gibbs_state": -5.999999999997957,
  "energy_qaoa_hadamard_state": -6.000000000000012,
  "energy_value_exact": -6
}