{
  "expected_value_gibbs_state": -2.409507459215829,
  "expected_value_hadamard_state": -2.0000020000000003,
  "energy_qaoa_gibbs_state": -3.999999999999983,
  "energy_qaoa_hadamard_state": -3.8867228036188566,
  "energy_value_exact": -4
}