{
  "expected_value_gibbs_state": -4.498309492763401,
  "expected_value_hadamard_state": -3.5000034999955,
  "energy_qaoa_gibbs_state": -4.856026365105816,
  "energy_qaoa_hadamard_state": -4.79394452391117,
  "energy_value_exact": -5
}