{
  "expected_value_gibbs_state": -4.912545010339147,
  "expected_value_hadamard_state": -3.0000029999970006,
  "energy_qaoa_gibbs_state": -4.976392879997581,
  "energy_qaoa_hadamard_state": -4.188825215574571,
  "energy_value_exact": -5
}