{
  "expected_value_gibbs_state": -3.4932161159868858,
  "expected_value_hadamard_state": -3.000002999997,
  "energy_qaoa_gibbs_state": -4.287964543028593,
  "energy_qaoa_hadamard_state": -4.2410833279281785,
  "energy_value_exact": -5
}