{
  "expected_value_gibbs_state": -1.4621171572600093,
  "expected_value_hadamard_state": -1.0000010000000004,
  "energy_qaoa_gibbs_state": -2.000000000000002,
  "energy_qaoa_hadamard_state": -1.9999999999999885,
  "energy_value_exact": -2
}