{
  "expected_value_gibbs_state": -2.936844087169714,
  "expected_value_hadamard_state": -2.5000024999984984,
  "energy_qaoa_gibbs_state": -3.8950013954470406,
  "energy_qaoa_hadamard_state": -3.9522744115094017,
  "energy_value_exact": -4
}