{
  "expected_value_gibbs_state": -3.1599749453592114,
  "expected_value_hadamard_state": -2.5000024999984998,
  "energy_qaoa_gibbs_state": -3.8598275271263622,
  "energy_qaoa_hadamard_state": -3.986262493906489,
  "energy_value_exact": -4
}