{
  "expected_value_gibbs_state": -3.9753554621620752,
  "expected_value_hadamard_state": -3.0000029999970006,
  "energy_qaoa_gibbs_state": -4.588987436920201,
  "energy_qaoa_hadamard_state": -4.129738666930183,
  "energy_value_exact": -5
}