{
  "expected_value_gibbs_state": -4.498309492763401,
  "expected_value_hadamard_state": -3.5000034999955,
  "energy_qaoa_gibbs_state": -4.960673212316713,
  "energy_qaoa_hadamard_state": -4.88399130428497,
  "energy_value_exact": -5
}