{
  "expected_value_gibbs_state": -3.846772293061374,
  "expected_value_hadamard_state": -3.000002999994001,
  "energy_qaoa_gibbs_state": -4.000000000000001,
  "energy_qaoa_hadamard_state": -3.9999999999999827,
  "energy_value_exact": -4
}