{
  "expected_value_gibbs_state": -4.536861952105404,
  "expected_value_hadamard_state": -4.000003999994,
  "energy_qaoa_gibbs_state": -5.645574676550501,
  "energy_qaoa_hadamard_state": -5.872577314226282,
  "energy_value_exact": -6
}