{
  "expected_value_gibbs_state": -6.082012885279616,
  "expected_value_hadamard_state": -5.000004999997,
  "energy_qaoa_gibbs_state": -6.847330121687039,
  "energy_qaoa_hadamard_state": -7.051552354522632,
  "energy_value_exact": -8
}