{
  "expected_value_gibbs_state": -11.929774336354642,
  "expected_value_hadamard_state": -9.500009499960997,
  "energy_qaoa_gibbs_state": -11.95096038228477,
  "energy_qaoa_hadamard_state": -10.718934129487558,
  "energy_value_exact": -12
}