{
  "expected_value_gibbs_state": -9.593405062675577,
  "expected_value_hadamard_state": -8.500008499974507,
  "energy_qaoa_gibbs_state": -10.253320244428153,
  "energy_qaoa_hadamard_state": -10.879830359878785,
  "energy_value_exact": -12
}