{
  "expected_value_gibbs_state": -9.532376529143392,
  "expected_value_hadamard_state": -7.500007499976003,
  "energy_qaoa_gibbs_state": -9.88187036104608,
  "energy_qaoa_hadamard_state": -9.550386742085395,
  "energy_value_exact": -10
}