{
  "expected_value_gibbs_state": -8.820871890930903,
  "expected_value_hadamard_state": -7.500007499979002,
  "energy_qaoa_gibbs_state": -9.640824120876669,
  "energy_qaoa_hadamard_state": -9.212787575116554,
  "energy_value_exact": -10
}