{
  "expected_value_gibbs_state": -7.931369107186814,
  "expected_value_hadamard_state": -7.000006999988008,
  "energy_qaoa_gibbs_state": -8.947535649476709,
  "energy_qaoa_hadamard_state": -9.105963182260027,
  "energy_value_exact": -11
}