{
  "expected_value_gibbs_state": -9.056671786525815,
  "expected_value_hadamard_state": -8.000007999977491,
  "energy_qaoa_gibbs_state": -10.06856531165285,
  "energy_qaoa_hadamard_state": -9.546403664504258,
  "energy_value_exact": -11
}