{
  "expected_value_gibbs_state": -8.149152029527974,
  "expected_value_hadamard_state": -6.500006499991,
  "energy_qaoa_gibbs_state": -9.325613027657523,
  "energy_qaoa_hadamard_state": -8.291953590052959,
  "energy_value_exact": -10
}