{
  "expected_value_gibbs_state": -11.9580397087174,
  "expected_value_hadamard_state": -8.000007999980493,
  "energy_qaoa_gibbs_state": -11.914312593926136,
  "energy_qaoa_hadamard_state": -10.813709500777499,
  "energy_value_exact": -12
}