{
  "expected_value_gibbs_state": -7.335622204867311,
  "expected_value_hadamard_state": -6.500006499988007,
  "energy_qaoa_gibbs_state": -8.69939243284593,
  "energy_qaoa_hadamard_state": -8.75382389719097,
  "energy_value_exact": -10
}