{
  "expected_value_gibbs_state": -11.929774336354646,
  "expected_value_hadamard_state": -9.500009499961,
  "energy_qaoa_gibbs_state": -11.950726941829835,
  "energy_qaoa_hadamard_state": -10.77099103457456,
  "energy_value_exact": -12
}