{
  "expected_value_gibbs_state": -7.950534061129771,
  "expected_value_hadamard_state": -6.500006499989504,
  "energy_qaoa_gibbs_state": -8.612344388711877,
  "energy_qaoa_hadamard_state": -9.024961439813769,
  "energy_value_exact": -10
}