{
  "expected_value_gibbs_state": -10.079809715560792,
  "expected_value_hadamard_state": -9.000008999968511,
  "energy_qaoa_gibbs_state": -10.62342946244582,
  "energy_qaoa_hadamard_state": -10.53386361542905,
  "energy_value_exact": -12
}