{
  "expected_value_gibbs_state": -7.973341220634604,
  "expected_value_hadamard_state": -7.0000069999835075,
  "energy_qaoa_gibbs_state": -8.515690298739292,
  "energy_qaoa_hadamard_state": -9.436608883263046,
  "energy_value_exact": -10
}