{
  "expected_value_gibbs_state": -8.428761005624755,
  "expected_value_hadamard_state": -6.0000059999924975,
  "energy_qaoa_gibbs_state": -8.62273636778944,
  "energy_qaoa_hadamard_state": -7.777499502050668,
  "energy_value_exact": -9
}