{
  "expected_value_gibbs_state": -4.8219150810648825,
  "expected_value_hadamard_state": -4.000003999997004,
  "energy_qaoa_gibbs_state": -5.679653126996603,
  "energy_qaoa_hadamard_state": -5.7275875180530065,
  "energy_value_exact": -6
}