{
  "expected_value_gibbs_state": -9.011040978231003,
  "expected_value_hadamard_state": -7.500007499983507,
  "energy_qaoa_gibbs_state": -9.906955303866287,
  "energy_qaoa_hadamard_state": -9.833726745601371,
  "energy_value_exact": -10
}