{
  "expected_value_gibbs_state": -8.692052832705356,
  "expected_value_hadamard_state": -6.000005999992498,
  "energy_qaoa_gibbs_state": -8.918685340097497,
  "energy_qaoa_hadamard_state": -8.284275591458115,
  "energy_value_exact": -9
}