{
  "expected_value_gibbs_state": -8.456079092417143,
  "expected_value_hadamard_state": -7.500007499979002,
  "energy_qaoa_gibbs_state": -9.042371790639205,
  "energy_qaoa_hadamard_state": -9.104515532317771,
  "energy_value_exact": -10
}