{
  "expected_value_gibbs_state": -7.212460858063133,
  "expected_value_hadamard_state": -6.000005999987997,
  "energy_qaoa_gibbs_state": -7.828315647939619,
  "energy_qaoa_hadamard_state": -7.347063860590614,
  "energy_value_exact": -9
}