{
  "expected_value_gibbs_state": -8.968387264669884,
  "expected_value_hadamard_state": -7.5000074999820034,
  "energy_qaoa_gibbs_state": -9.93885237205447,
  "energy_qaoa_hadamard_state": -9.116413830265676,
  "energy_value_exact": -11
}