{
  "expected_value_gibbs_state": -9.162446220916925,
  "expected_value_hadamard_state": -7.5000074999805015,
  "energy_qaoa_gibbs_state": -9.82225419502117,
  "energy_qaoa_hadamard_state": -9.647221623707795,
  "energy_value_exact": -10
}