{
  "expected_value_gibbs_state": -10.7987442815639,
  "expected_value_hadamard_state": -8.000007999975992,
  "energy_qaoa_gibbs_state": -10.800393584974096,
  "energy_qaoa_hadamard_state": -9.35702412456989,
  "energy_value_exact": -11
}