{
  "expected_value_gibbs_state": -9.445852615563483,
  "expected_value_hadamard_state": -7.5000074999820034,
  "energy_qaoa_gibbs_state": -10.247537712152674,
  "energy_qaoa_hadamard_state": -9.585766144997642,
  "energy_value_exact": -11
}