{
  "expected_value_gibbs_state": -9.534507638811819,
  "expected_value_hadamard_state": -6.0000059999924975,
  "energy_qaoa_gibbs_state": -9.550109699616042,
  "energy_qaoa_hadamard_state": -9.280727721344363,
  "energy_value_exact": -10
}