{
  "expected_value_gibbs_state": -8.43344184803972,
  "expected_value_hadamard_state": -7.00000699998501,
  "energy_qaoa_gibbs_state": -9.684660321752666,
  "energy_qaoa_hadamard_state": -8.788719645243113,
  "energy_value_exact": -10
}