{
  "expected_value_gibbs_state": -8.373773113894458,
  "expected_value_hadamard_state": -7.5000074999805015,
  "energy_qaoa_gibbs_state": -9.317754773122608,
  "energy_qaoa_hadamard_state": -9.225993386400615,
  "energy_value_exact": -10
}