{
  "expected_value_gibbs_state": -8.969345267498735,
  "expected_value_hadamard_state": -8.000007999978989,
  "energy_qaoa_gibbs_state": -10.373963680950965,
  "energy_qaoa_hadamard_state": -10.306700148338894,
  "energy_value_exact": -12
}