{
  "expected_value_gibbs_state": -10.453924478499772,
  "expected_value_hadamard_state": -9.5000094999625,
  "energy_qaoa_gibbs_state": -11.504556353648653,
  "energy_qaoa_hadamard_state": -11.420689253485113,
  "energy_value_exact": -12
}