{
  "expected_value_gibbs_state": -7.878959073979114,
  "expected_value_hadamard_state": -6.0000059999924975,
  "energy_qaoa_gibbs_state": -8.545401084096552,
  "energy_qaoa_hadamard_state": -8.054427743977673,
  "energy_value_exact": -9
}