{
  "expected_value_gibbs_state": -8.508916898114157,
  "expected_value_hadamard_state": -7.500007499980505,
  "energy_qaoa_gibbs_state": -9.097983357221764,
  "energy_qaoa_hadamard_state": -9.200539348492516,
  "energy_value_exact": -11
}