{
  "expected_value_gibbs_state": -9.046074614211205,
  "expected_value_hadamard_state": -8.000007999977491,
  "energy_qaoa_gibbs_state": -9.973379441039611,
  "energy_qaoa_hadamard_state": -9.731572750210539,
  "energy_value_exact": -11
}