{
  "expected_value_gibbs_state": -10.7366607274266,
  "expected_value_hadamard_state": -7.500007499983509,
  "energy_qaoa_gibbs_state": -10.907694605449679,
  "energy_qaoa_hadamard_state": -9.613492634075445,
  "energy_value_exact": -11
}