{
  "expected_value_gibbs_state": -11.480675989420513,
  "expected_value_hadamard_state": -8.000007999980491,
  "energy_qaoa_gibbs_state": -11.834614917945846,
  "energy_qaoa_hadamard_state": -9.898199760025097,
  "energy_value_exact": -12
}