{
  "expected_value_gibbs_state": -8.96838726466988,
  "expected_value_hadamard_state": -7.500007499982,
  "energy_qaoa_gibbs_state": -10.271005670803124,
  "energy_qaoa_hadamard_state": -9.82401501286816,
  "energy_value_exact": -11
}