{
  "expected_value_gibbs_state": -7.303156620038519,
  "expected_value_hadamard_state": -6.5000064999865,
  "energy_qaoa_gibbs_state": -8.624106520557238,
  "energy_qaoa_hadamard_state": -8.575494478531578,
  "energy_value_exact": -10
}