{
  "expected_value_gibbs_state": -10.310052056406866,
  "expected_value_hadamard_state": -7.500007499983505,
  "energy_qaoa_gibbs_state": -10.511107859754073,
  "energy_qaoa_hadamard_state": -9.646376432555051,
  "energy_value_exact": -11
}