{
  "expected_value_gibbs_state": -6.310256626142958,
  "expected_value_hadamard_state": -5.000004999995499,
  "energy_qaoa_gibbs_state": -7.880985821040012,
  "energy_qaoa_hadamard_state": -6.9920320674607055,
  "energy_value_exact": -8
}