{
  "expected_value_gibbs_state": -10.836347993203702,
  "expected_value_hadamard_state": -9.500009499961003,
  "energy_qaoa_gibbs_state": -11.188073362196725,
  "energy_qaoa_hadamard_state": -11.470252015536648,
  "energy_value_exact": -12
}