{
  "expected_value_gibbs_state": -10.108977676014428,
  "expected_value_hadamard_state": -9.000008999970007,
  "energy_qaoa_gibbs_state": -11.852546509728622,
  "energy_qaoa_hadamard_state": -11.643719596772474,
  "energy_value_exact": -12
}