{
  "expected_value_gibbs_state": -9.944324544329955,
  "expected_value_hadamard_state": -7.000006999985011,
  "energy_qaoa_gibbs_state": -9.978527960225753,
  "energy_qaoa_hadamard_state": -9.231534281976462,
  "energy_value_exact": -10
}