{
  "expected_value_gibbs_state": -10.736660727426601,
  "expected_value_hadamard_state": -7.500007499983503,
  "energy_qaoa_gibbs_state": -10.941307134443104,
  "energy_qaoa_hadamard_state": -9.126415633994167,
  "energy_value_exact": -11
}