{
  "expected_value_gibbs_state": -9.515915832883701,
  "expected_value_hadamard_state": -8.500008499971505,
  "energy_qaoa_gibbs_state": -10.305660072893462,
  "energy_qaoa_hadamard_state": -9.974338604239753,
  "energy_value_exact": -11
}