{
  "expected_value_gibbs_state": -8.945662333112233,
  "expected_value_hadamard_state": -7.500007499982003,
  "energy_qaoa_gibbs_state": -9.309090265588512,
  "energy_qaoa_hadamard_state": -9.21711249119464,
  "energy_value_exact": -11
}