{
  "expected_value_gibbs_state": -8.505859958726829,
  "expected_value_hadamard_state": -7.000006999986508,
  "energy_qaoa_gibbs_state": -9.449992041735083,
  "energy_qaoa_hadamard_state": -8.863954508406266,
  "energy_value_exact": -10
}