{
  "expected_value_gibbs_state": -5.909212448835766,
  "expected_value_hadamard_state": -5.000004999992501,
  "energy_qaoa_gibbs_state": -7.091732648940463,
  "energy_qaoa_hadamard_state": -6.538932997254282,
  "energy_value_exact": -8
}