{
  "expected_value_gibbs_state": -8.44439792630982,
  "expected_value_hadamard_state": -7.500007499983507,
  "energy_qaoa_gibbs_state": -9.606137950915247,
  "energy_qaoa_hadamard_state": -9.396462640693489,
  "energy_value_exact": -11
}