{
  "expected_value_gibbs_state": -6.750953445024009,
  "expected_value_hadamard_state": -5.500005499996997,
  "energy_qaoa_gibbs_state": -8.032281737392397,
  "energy_qaoa_hadamard_state": -8.177322706650317,
  "energy_value_exact": -9
}