{
  "expected_value_gibbs_state": -8.69601045975061,
  "expected_value_hadamard_state": -7.000006999983512,
  "energy_qaoa_gibbs_state": -9.503381314643931,
  "energy_qaoa_hadamard_state": -8.686292547274103,
  "energy_value_exact": -10
}