{
  "expected_value_gibbs_state": -4.913465909062141,
  "expected_value_hadamard_state": -4.000003999998505,
  "energy_qaoa_gibbs_state": -6.409258732720592,
  "energy_qaoa_hadamard_state": -6.643580033741003,
  "energy_value_exact": -7
}