{
  "expected_value_gibbs_state": -8.978952866213023,
  "expected_value_hadamard_state": -7.500007499983505,
  "energy_qaoa_gibbs_state": -9.861266937531111,
  "energy_qaoa_hadamard_state": -9.113928216799632,
  "energy_value_exact": -10
}