{
  "expected_value_gibbs_state": -7.582710854230066,
  "expected_value_hadamard_state": -6.000005999989497,
  "energy_qaoa_gibbs_state": -7.993901089249444,
  "energy_qaoa_hadamard_state": -7.537888604174802,
  "energy_value_exact": -9
}