{
  "expected_value_gibbs_state": -10.936870171268342,
  "expected_value_hadamard_state": -7.500007499985004,
  "energy_qaoa_gibbs_state": -10.908349586167793,
  "energy_qaoa_hadamard_state": -9.12809939334128,
  "energy_value_exact": -11
}