{
  "expected_value_gibbs_state": -8.930080687825496,
  "expected_value_hadamard_state": -7.000006999988007,
  "energy_qaoa_gibbs_state": -9.070270301701417,
  "energy_qaoa_hadamard_state": -8.735509565102703,
  "energy_value_exact": -10
}