{
  "expected_value_gibbs_state": -8.947220551563145,
  "expected_value_hadamard_state": -7.500007499980507,
  "energy_qaoa_gibbs_state": -9.98649553464794,
  "energy_qaoa_hadamard_state": -9.885867882136935,
  "energy_value_exact": -11
}