{
  "expected_value_gibbs_state": -8.397584430771534,
  "expected_value_hadamard_state": -7.50000749998201,
  "energy_qaoa_gibbs_state": -9.568961296597113,
  "energy_qaoa_hadamard_state": -9.487861475684706,
  "energy_value_exact": -10
}