{
  "expected_value_gibbs_state": -6.916279767624858,
  "expected_value_hadamard_state": -6.000005999990992,
  "energy_qaoa_gibbs_state": -7.977107593677669,
  "energy_qaoa_hadamard_state": -7.927154318128556,
  "energy_value_exact": -8
}