{
  "expected_value_gibbs_state": -6.518196100982864,
  "expected_value_hadamard_state": -5.500005499996997,
  "energy_qaoa_gibbs_state": -7.946789048558987,
  "energy_qaoa_hadamard_state": -7.914502433015794,
  "energy_value_exact": -9
}