{
  "expected_value_gibbs_state": -8.88301607769123,
  "expected_value_hadamard_state": -8.000007999975995,
  "energy_qaoa_gibbs_state": -9.460746850772377,
  "energy_qaoa_hadamard_state": -9.97671556186031,
  "energy_value_exact": -11
}