{
  "expected_value_gibbs_state": -11.494143780872738,
  "expected_value_hadamard_state": -8.000007999978989,
  "energy_qaoa_gibbs_state": -11.777931899138068,
  "energy_qaoa_hadamard_state": -10.047725612412705,
  "energy_value_exact": -12
}