{
  "expected_value_gibbs_state": -10.904700552452754,
  "expected_value_hadamard_state": -9.500009499962498,
  "energy_qaoa_gibbs_state": -11.33892863416023,
  "energy_qaoa_hadamard_state": -11.39877126768613,
  "energy_value_exact": -12
}