{
  "expected_value_gibbs_state": -8.434869958055309,
  "expected_value_hadamard_state": -7.500007499983503,
  "energy_qaoa_gibbs_state": -9.664170784194674,
  "energy_qaoa_hadamard_state": -9.502147871789173,
  "energy_value_exact": -11
}