{
  "expected_value_gibbs_state": -7.45608238971585,
  "expected_value_hadamard_state": -6.500006499992504,
  "energy_qaoa_gibbs_state": -9.029055736345814,
  "energy_qaoa_hadamard_state": -8.78171636662746,
  "energy_value_exact": -11
}