{
  "expected_value_gibbs_state": -8.434869958055305,
  "expected_value_hadamard_state": -7.500007499983508,
  "energy_qaoa_gibbs_state": -9.824521199690327,
  "energy_qaoa_hadamard_state": -9.258381207490807,
  "energy_value_exact": -11
}