{
  "expected_value_gibbs_state": -8.513823178821175,
  "expected_value_hadamard_state": -7.500007499980503,
  "energy_qaoa_gibbs_state": -9.35583534236245,
  "energy_qaoa_hadamard_state": -9.287009713917127,
  "energy_value_exact": -11
}