{
  "expected_value_gibbs_state": -6.403929311332678,
  "expected_value_hadamard_state": -5.500005499987995,
  "energy_qaoa_gibbs_state": -7.162285751814185,
  "energy_qaoa_hadamard_state": -6.912257059470776,
  "energy_value_exact": -8
}