{
  "expected_value_gibbs_state": -10.406539219792995,
  "expected_value_hadamard_state": -8.000007999977491,
  "energy_qaoa_gibbs_state": -10.736609697820647,
  "energy_qaoa_hadamard_state": -10.347898359833948,
  "energy_value_exact": -11
}