{
  "expected_value_gibbs_state": -11.787605372859032,
  "expected_value_hadamard_state": -9.000008999967003,
  "energy_qaoa_gibbs_state": -11.820858842574605,
  "energy_qaoa_hadamard_state": -11.110794555352719,
  "energy_value_exact": -12
}