{
  "expected_value_gibbs_state": -8.877785880147304,
  "expected_value_hadamard_state": -7.500007499979003,
  "energy_qaoa_gibbs_state": -9.69245607105523,
  "energy_qaoa_hadamard_state": -9.39707722848241,
  "energy_value_exact": -11
}