{
  "expected_value_gibbs_state": -11.494143780872747,
  "expected_value_hadamard_state": -8.000007999978994,
  "energy_qaoa_gibbs_state": -11.394418926643652,
  "energy_qaoa_hadamard_state": -9.823521518544052,
  "energy_value_exact": -12
}