{
  "expected_value_gibbs_state": -8.721519087608991,
  "expected_value_hadamard_state": -7.000006999983512,
  "energy_qaoa_gibbs_state": -9.336277308953532,
  "energy_qaoa_hadamard_state": -8.847911341725432,
  "energy_value_exact": -10
}