{
  "expected_value_gibbs_state": -9.011040978231005,
  "expected_value_hadamard_state": -7.500007499983508,
  "energy_qaoa_gibbs_state": -9.719568626076157,
  "energy_qaoa_hadamard_state": -9.97872536522156,
  "energy_value_exact": -10
}