{
  "expected_value_gibbs_state": -10.654937951098576,
  "expected_value_hadamard_state": -8.000007999978992,
  "energy_qaoa_gibbs_state": -10.934615723979245,
  "energy_qaoa_hadamard_state": -9.627489823521685,
  "energy_value_exact": -11
}