{
  "expected_value_gibbs_state": -9.338801256993868,
  "expected_value_hadamard_state": -7.000006999988008,
  "energy_qaoa_gibbs_state": -9.877630760629923,
  "energy_qaoa_hadamard_state": -9.163509985409416,
  "energy_value_exact": -11
}