{
  "expected_value_gibbs_state": -9.418012307315687,
  "expected_value_hadamard_state": -8.000007999977493,
  "energy_qaoa_gibbs_state": -10.465879874835693,
  "energy_qaoa_hadamard_state": -9.952271337284976,
  "energy_value_exact": -11
}