{
  "expected_value_gibbs_state": -9.493604026668622,
  "expected_value_hadamard_state": -7.5000074999835045,
  "energy_qaoa_gibbs_state": -10.440987732646747,
  "energy_qaoa_hadamard_state": -9.250461105606508,
  "energy_value_exact": -11
}