{
  "expected_value_gibbs_state": -9.60194721558368,
  "expected_value_hadamard_state": -7.500007499982003,
  "energy_qaoa_gibbs_state": -10.302573546269322,
  "energy_qaoa_hadamard_state": -9.297522270847498,
  "energy_value_exact": -11
}