{
  "expected_value_gibbs_state": -10.810155502569689,
  "expected_value_hadamard_state": -8.000007999974489,
  "energy_qaoa_gibbs_state": -10.868925175350972,
  "energy_qaoa_hadamard_state": -9.469018450490495,
  "energy_value_exact": -11
}