{
  "expected_value_gibbs_state": -5.909212448835766,
  "expected_value_hadamard_state": -5.000004999992501,
  "energy_qaoa_gibbs_state": -7.121741765196049,
  "energy_qaoa_hadamard_state": -7.065255915821783,
  "energy_value_exact": -8
}