{
  "expected_value_gibbs_state": -6.283233704837802,
  "expected_value_hadamard_state": -4.500004499996999,
  "energy_qaoa_gibbs_state": -7.084713492566215,
  "energy_qaoa_hadamard_state": -6.366380049199352,
  "energy_value_exact": -8
}