{
  "expected_value_gibbs_state": -8.225928459818494,
  "expected_value_hadamard_state": -7.000006999986507,
  "energy_qaoa_gibbs_state": -9.029473368411693,
  "energy_qaoa_hadamard_state": -8.75484562790068,
  "energy_value_exact": -10
}