{
  "expected_value_gibbs_state": -8.796456583856678,
  "expected_value_hadamard_state": -7.500007499979002,
  "energy_qaoa_gibbs_state": -9.557970809138705,
  "energy_qaoa_hadamard_state": -9.086229951679591,
  "energy_value_exact": -10
}