{
  "expected_value_gibbs_state": -6.703143194801182,
  "expected_value_hadamard_state": -5.5000054999954955,
  "energy_qaoa_gibbs_state": -7.766259583839083,
  "energy_qaoa_hadamard_state": -8.257549072843105,
  "energy_value_exact": -9
}