{
  "expected_value_gibbs_state": -9.969860652839223,
  "expected_value_hadamard_state": -7.500007499982006,
  "energy_qaoa_gibbs_state": -9.98657936070774,
  "energy_qaoa_hadamard_state": -9.01065853501478,
  "energy_value_exact": -10
}