{
  "expected_value_gibbs_state": -6.3578267009867355,
  "expected_value_hadamard_state": -5.500005499996999,
  "energy_qaoa_gibbs_state": -8.34125285730372,
  "energy_qaoa_hadamard_state": -7.355650137801918,
  "energy_value_exact": -9
}