{
  "expected_value_gibbs_state": -9.13877444716503,
  "expected_value_hadamard_state": -7.500007499985006,
  "energy_qaoa_gibbs_state": -9.99169429420775,
  "energy_qaoa_hadamard_state": -9.344732311892303,
  "energy_value_exact": -11
}