{
  "expected_value_gibbs_state": -10.951708929087793,
  "expected_value_hadamard_state": -7.500007499985004,
  "energy_qaoa_gibbs_state": -10.964147672982236,
  "energy_qaoa_hadamard_state": -9.004338389209938,
  "energy_value_exact": -11
}