{
  "expected_value_gibbs_state": -8.02372917275465,
  "expected_value_hadamard_state": -7.0000069999865095,
  "energy_qaoa_gibbs_state": -9.247649705825499,
  "energy_qaoa_hadamard_state": -9.279565650920121,
  "energy_value_exact": -10
}