{
  "expected_value_gibbs_state": -9.963089989831825,
  "expected_value_hadamard_state": -7.500007499980506,
  "energy_qaoa_gibbs_state": -9.988143623457141,
  "energy_qaoa_hadamard_state": -9.596858097957533,
  "energy_value_exact": -10
}