{
  "expected_value_gibbs_state": -8.993854401635984,
  "expected_value_hadamard_state": -8.000007999975994,
  "energy_qaoa_gibbs_state": -9.562100094848788,
  "energy_qaoa_hadamard_state": -9.372849062443311,
  "energy_value_exact": -11
}