{
  "expected_value_gibbs_state": -8.055113420098513,
  "expected_value_hadamard_state": -6.500006499989505,
  "energy_qaoa_gibbs_state": -8.977706042603565,
  "energy_qaoa_hadamard_state": -8.492388386473548,
  "energy_value_exact": -10
}