{
  "expected_value_gibbs_state": -7.408348796397383,
  "expected_value_hadamard_state": -6.500006499986505,
  "energy_qaoa_gibbs_state": -8.655273472525309,
  "energy_qaoa_hadamard_state": -8.622979193237008,
  "energy_value_exact": -9
}