{
  "expected_value_gibbs_state": -8.92837757297381,
  "expected_value_hadamard_state": -7.500007499980503,
  "energy_qaoa_gibbs_state": -9.372019624785338,
  "energy_qaoa_hadamard_state": -9.078764313819693,
  "energy_value_exact": -11
}