{
  "expected_value_gibbs_state": -11.31081036089567,
  "expected_value_hadamard_state": -8.500008499973005,
  "energy_qaoa_gibbs_state": -11.318837010235038,
  "energy_qaoa_hadamard_state": -10.88077447294846,
  "energy_value_exact": -12
}