{
  "expected_value_gibbs_state": -4.386351471780031,
  "expected_value_hadamard_state": -3.0000030000000044,
  "energy_qaoa_gibbs_state": -5.2640205334701236,
  "energy_qaoa_hadamard_state": -5.2507033326383485,
  "energy_value_exact": -6
}