{
  "expected_value_gibbs_state": -7.574233378912991,
  "expected_value_hadamard_state": -6.000005999989491,
  "energy_qaoa_gibbs_state": -7.928962129177398,
  "energy_qaoa_hadamard_state": -7.7979430074873,
  "energy_value_exact": -8
}