{
  "expected_value_gibbs_state": -8.676025635904569,
  "expected_value_hadamard_state": -7.500007499985006,
  "energy_qaoa_gibbs_state": -10.581427737726163,
  "energy_qaoa_hadamard_state": -9.369312732597516,
  "energy_value_exact": -12
}