{
  "expected_value_gibbs_state": -11.892147664531931,
  "expected_value_hadamard_state": -8.500008499974504,
  "energy_qaoa_gibbs_state": -11.920361813483574,
  "energy_qaoa_hadamard_state": -10.384384897440778,
  "energy_value_exact": -12
}