{
  "expected_value_gibbs_state": -7.244813347887293,
  "expected_value_hadamard_state": -6.0000059999924975,
  "energy_qaoa_gibbs_state": -9.27802483326709,
  "energy_qaoa_hadamard_state": -8.291853466471476,
  "energy_value_exact": -10
}