{
  "expected_value_gibbs_state": -8.161539036268497,
  "expected_value_hadamard_state": -6.500006499988006,
  "energy_qaoa_gibbs_state": -8.642076807827578,
  "energy_qaoa_hadamard_state": -8.367492143870908,
  "energy_value_exact": -9
}