{
  "expected_value_gibbs_state": -8.947220551563143,
  "expected_value_hadamard_state": -7.500007499980503,
  "energy_qaoa_gibbs_state": -9.906101635061603,
  "energy_qaoa_hadamard_state": -9.416821965712042,
  "energy_value_exact": -11
}