{
  "expected_value_gibbs_state": -8.387536876346362,
  "expected_value_hadamard_state": -7.500007499980504,
  "energy_qaoa_gibbs_state": -9.416035084843102,
  "energy_qaoa_hadamard_state": -9.09909708076674,
  "energy_value_exact": -11
}