{
  "expected_value_gibbs_state": -10.079809715560794,
  "expected_value_hadamard_state": -9.000008999968507,
  "energy_qaoa_gibbs_state": -10.558605863008975,
  "energy_qaoa_hadamard_state": -10.730127799106949,
  "energy_value_exact": -12
}