{
  "expected_value_gibbs_state": -9.954302887748849,
  "expected_value_hadamard_state": -7.500007499979001,
  "energy_qaoa_gibbs_state": -9.979513211482118,
  "energy_qaoa_hadamard_state": -9.093096796546309,
  "energy_value_exact": -10
}