{
  "expected_value_gibbs_state": -8.88900713290552,
  "expected_value_hadamard_state": -8.000007999975992,
  "energy_qaoa_gibbs_state": -10.067561988575367,
  "energy_qaoa_hadamard_state": -9.801042776185536,
  "energy_value_exact": -11
}