{
  "expected_value_gibbs_state": -8.866292686784119,
  "expected_value_hadamard_state": -8.000007999974493,
  "energy_qaoa_gibbs_state": -10.009514856476278,
  "energy_qaoa_hadamard_state": -9.443175054759703,
  "energy_value_exact": -11
}