{
  "expected_value_gibbs_state": -9.973336056446524,
  "expected_value_hadamard_state": -7.500007499983504,
  "energy_qaoa_gibbs_state": -9.995416161876994,
  "energy_qaoa_hadamard_state": -9.568480689416557,
  "energy_value_exact": -10
}