{
  "expected_value_gibbs_state": -10.310052056406873,
  "expected_value_hadamard_state": -7.5000074999835045,
  "energy_qaoa_gibbs_state": -10.606210608303027,
  "energy_qaoa_hadamard_state": -9.991408669652799,
  "energy_value_exact": -11
}