{
  "expected_value_gibbs_state": -9.642866346450376,
  "expected_value_hadamard_state": -7.5000074999835045,
  "energy_qaoa_gibbs_state": -10.409380012094205,
  "energy_qaoa_hadamard_state": -9.326291440065305,
  "energy_value_exact": -11
}