{
  "expected_value_gibbs_state": -9.962202083668664,
  "expected_value_hadamard_state": -7.000006999986506,
  "energy_qaoa_gibbs_state": -9.981266157819828,
  "energy_qaoa_hadamard_state": -9.375340241002775,
  "energy_value_exact": -10
}