{
  "expected_value_gibbs_state": -6.530716952547417,
  "expected_value_hadamard_state": -5.500005499992496,
  "energy_qaoa_gibbs_state": -7.299678288240935,
  "energy_qaoa_hadamard_state": -7.273955845313892,
  "energy_value_exact": -8
}