{
  "expected_value_gibbs_state": -8.985044186186322,
  "expected_value_hadamard_state": -8.000007999980493,
  "energy_qaoa_gibbs_state": -10.590632152032732,
  "energy_qaoa_hadamard_state": -9.66847190298919,
  "energy_value_exact": -12
}