{
  "expected_value_gibbs_state": -9.463165692334693,
  "expected_value_hadamard_state": -8.500008499974502,
  "energy_qaoa_gibbs_state": -10.697041793970973,
  "energy_qaoa_hadamard_state": -10.221633989805436,
  "energy_value_exact": -12
}