{
  "expected_value_gibbs_state": -8.573668379620036,
  "expected_value_hadamard_state": -7.500007499983507,
  "energy_qaoa_gibbs_state": -9.263399708207263,
  "energy_qaoa_hadamard_state": -9.044132260384973,
  "energy_value_exact": -11
}