{
  "expected_value_gibbs_state": -10.314736686433926,
  "expected_value_hadamard_state": -7.500007499980503,
  "energy_qaoa_gibbs_state": -10.541514167644836,
  "energy_qaoa_hadamard_state": -9.191197049582364,
  "energy_value_exact": -11
}