{
  "expected_value_gibbs_state": -9.033535370876148,
  "expected_value_hadamard_state": -8.000007999977491,
  "energy_qaoa_gibbs_state": -9.756176534105563,
  "energy_qaoa_hadamard_state": -9.66160496092867,
  "energy_value_exact": -11
}