{
  "expected_value_gibbs_state": -11.696794129044111,
  "expected_value_hadamard_state": -9.500009499962504,
  "energy_qaoa_gibbs_state": -11.798259719312064,
  "energy_qaoa_hadamard_state": -11.468714662204304,
  "energy_value_exact": -12
}