{
  "expected_value_gibbs_state": -8.397584430771534,
  "expected_value_hadamard_state": -7.500007499982004,
  "energy_qaoa_gibbs_state": -9.278530218222198,
  "energy_qaoa_hadamard_state": -9.490709459035632,
  "energy_value_exact": -10
}