{
  "expected_value_gibbs_state": -6.983887445921743,
  "expected_value_hadamard_state": -5.500005499990997,
  "energy_qaoa_gibbs_state": -7.83733889347637,
  "energy_qaoa_hadamard_state": -7.3307327030653315,
  "energy_value_exact": -8
}