{
  "expected_value_gibbs_state": -9.134818734695136,
  "expected_value_hadamard_state": -8.00000799998049,
  "energy_qaoa_gibbs_state": -9.998759098520587,
  "energy_qaoa_hadamard_state": -9.991461886289274,
  "energy_value_exact": -12
}