{
  "expected_value_gibbs_state": -10.316343353895961,
  "expected_value_hadamard_state": -7.500007499982005,
  "energy_qaoa_gibbs_state": -10.488188439535591,
  "energy_qaoa_hadamard_state": -9.410072741825093,
  "energy_value_exact": -11
}