{
  "expected_value_gibbs_state": -8.962673034930098,
  "expected_value_hadamard_state": -6.0000059999924975,
  "energy_qaoa_gibbs_state": -8.700794395292627,
  "energy_qaoa_hadamard_state": -7.8931597428037055,
  "energy_value_exact": -9
}