{
  "expected_value_gibbs_state": -7.448210503466782,
  "expected_value_hadamard_state": -6.500006499988005,
  "energy_qaoa_gibbs_state": -8.467715697261378,
  "energy_qaoa_hadamard_state": -8.19251075945932,
  "energy_value_exact": -9
}