{
  "expected_value_gibbs_state": -9.042838427737514,
  "expected_value_hadamard_state": -7.500007499983505,
  "energy_qaoa_gibbs_state": -9.866172989647215,
  "energy_qaoa_hadamard_state": -9.643826595442636,
  "energy_value_exact": -11
}