{
  "expected_value_gibbs_state": -8.397584430771532,
  "expected_value_hadamard_state": -7.5000074999820034,
  "energy_qaoa_gibbs_state": -9.317117685854544,
  "energy_qaoa_hadamard_state": -9.345509109959306,
  "energy_value_exact": -10
}