{
  "expected_value_gibbs_state": -8.581921410992406,
  "expected_value_hadamard_state": -7.000006999988006,
  "energy_qaoa_gibbs_state": -9.74859315512038,
  "energy_qaoa_hadamard_state": -9.06055508039528,
  "energy_value_exact": -10
}