{
  "expected_value_gibbs_state": -8.331952962809195,
  "expected_value_hadamard_state": -7.000006999988008,
  "energy_qaoa_gibbs_state": -9.879754219900764,
  "energy_qaoa_hadamard_state": -8.955923959057028,
  "energy_value_exact": -11
}