{
  "expected_value_gibbs_state": -8.9626730349301,
  "expected_value_hadamard_state": -6.000005999992495,
  "energy_qaoa_gibbs_state": -8.988221816978267,
  "energy_qaoa_hadamard_state": -7.891227933068402,
  "energy_value_exact": -9
}