{
  "expected_value_gibbs_state": -6.283233704837809,
  "expected_value_hadamard_state": -4.500004499997,
  "energy_qaoa_gibbs_state": -7.54089311723323,
  "energy_qaoa_hadamard_state": -7.135959808734186,
  "energy_value_exact": -8
}