{
  "expected_value_gibbs_state": -9.759095911974775,
  "expected_value_hadamard_state": -7.500007499982005,
  "energy_qaoa_gibbs_state": -9.838357819371055,
  "energy_qaoa_hadamard_state": -9.456435515109309,
  "energy_value_exact": -10
}