{
  "expected_value_gibbs_state": -9.96317560497843,
  "expected_value_hadamard_state": -7.500007499980508,
  "energy_qaoa_gibbs_state": -9.982655712576445,
  "energy_qaoa_hadamard_state": -9.15739161544354,
  "energy_value_exact": -10
}