{
  "expected_value_gibbs_state": -7.607650154224257,
  "expected_value_hadamard_state": -6.5000064999925025,
  "energy_qaoa_gibbs_state": -8.764612522969113,
  "energy_qaoa_hadamard_state": -9.333513953500287,
  "energy_value_exact": -10
}