{
  "expected_value_gibbs_state": -9.633893235111675,
  "expected_value_hadamard_state": -8.000007999975994,
  "energy_qaoa_gibbs_state": -10.231292183729257,
  "energy_qaoa_hadamard_state": -9.539066028736698,
  "energy_value_exact": -11
}