{
  "expected_value_gibbs_state": -10.836347993203708,
  "expected_value_hadamard_state": -9.500009499961,
  "energy_qaoa_gibbs_state": -11.352904037872428,
  "energy_qaoa_hadamard_state": -10.758695071207484,
  "energy_value_exact": -12
}