{
  "expected_value_gibbs_state": -8.603286727910865,
  "expected_value_hadamard_state": -7.5000074999835045,
  "energy_qaoa_gibbs_state": -9.717233005819885,
  "energy_qaoa_hadamard_state": -9.274217808329158,
  "energy_value_exact": -11
}