{
  "expected_value_gibbs_state": -7.205648005534013,
  "expected_value_hadamard_state": -5.500005499993998,
  "energy_qaoa_gibbs_state": -7.478127869759064,
  "energy_qaoa_hadamard_state": -7.2556842466391025,
  "energy_value_exact": -8
}