{
  "expected_value_gibbs_state": -8.217430090870156,
  "expected_value_hadamard_state": -6.500006499992503,
  "energy_qaoa_gibbs_state": -9.611447463036308,
  "energy_qaoa_hadamard_state": -8.668780068117144,
  "energy_value_exact": -10
}