{
  "expected_value_gibbs_state": -10.965836510650822,
  "expected_value_hadamard_state": -8.000007999977491,
  "energy_qaoa_gibbs_state": -10.98062616210049,
  "energy_qaoa_hadamard_state": -9.391194169558565,
  "energy_value_exact": -11
}