{
  "expected_value_gibbs_state": -11.188284350907251,
  "expected_value_hadamard_state": -9.000008999967005,
  "energy_qaoa_gibbs_state": -11.092295444713745,
  "energy_qaoa_hadamard_state": -10.742652037152471,
  "energy_value_exact": -12
}