{
  "expected_value_gibbs_state": -7.996386303572426,
  "expected_value_hadamard_state": -7.000006999985006,
  "energy_qaoa_gibbs_state": -9.465734805829305,
  "energy_qaoa_hadamard_state": -8.918284893161228,
  "energy_value_exact": -10
}