{
  "expected_value_gibbs_state": -9.937727190477823,
  "expected_value_hadamard_state": -6.500006499986506,
  "energy_qaoa_gibbs_state": -9.96816228814421,
  "energy_qaoa_hadamard_state": -8.168403313551448,
  "energy_value_exact": -10
}