{
  "expected_value_gibbs_state": -7.026388642534531,
  "expected_value_hadamard_state": -6.000005999987995,
  "energy_qaoa_gibbs_state": -7.739851109171994,
  "energy_qaoa_hadamard_state": -8.239479425381681,
  "energy_value_exact": -9
}