{
  "expected_value_gibbs_state": -7.9726837400143165,
  "expected_value_hadamard_state": -7.000006999985007,
  "energy_qaoa_gibbs_state": -9.16846203656279,
  "energy_qaoa_hadamard_state": -8.856960816360818,
  "energy_value_exact": -10
}