{
  "expected_value_gibbs_state": -8.589716395368963,
  "expected_value_hadamard_state": -7.500007499983505,
  "energy_qaoa_gibbs_state": -9.300590820016424,
  "energy_qaoa_hadamard_state": -9.556336747066087,
  "energy_value_exact": -11
}