{
  "expected_value_gibbs_state": -11.996386347356347,
  "expected_value_hadamard_state": -7.500007499983503,
  "energy_qaoa_gibbs_state": -11.998959874120086,
  "energy_qaoa_hadamard_state": -9.476085315894384,
  "energy_value_exact": -12
}