{
  "expected_value_gibbs_state": -8.616665245009814,
  "expected_value_hadamard_state": -7.500007499985004,
  "energy_qaoa_gibbs_state": -9.757659659721867,
  "energy_qaoa_hadamard_state": -9.440798507171532,
  "energy_value_exact": -11
}