{
  "expected_value_gibbs_state": -9.089886556151775,
  "expected_value_hadamard_state": -7.500007499982007,
  "energy_qaoa_gibbs_state": -9.728412462280529,
  "energy_qaoa_hadamard_state": -9.297889024555293,
  "energy_value_exact": -11
}