{
  "expected_value_gibbs_state": -9.96986065283923,
  "expected_value_hadamard_state": -7.500007499982004,
  "energy_qaoa_gibbs_state": -9.993886873998413,
  "energy_qaoa_hadamard_state": -9.019667708428543,
  "energy_value_exact": -10
}