{
  "expected_value_gibbs_state": -9.717078842135843,
  "expected_value_hadamard_state": -7.500007499980504,
  "energy_qaoa_gibbs_state": -9.89500203760817,
  "energy_qaoa_hadamard_state": -9.293499632000875,
  "energy_value_exact": -10
}