{
  "expected_value_gibbs_state": -9.68140765250141,
  "expected_value_hadamard_state": -7.000006999985009,
  "energy_qaoa_gibbs_state": -9.926591145684274,
  "energy_qaoa_hadamard_state": -9.473976866194668,
  "energy_value_exact": -10
}