{
  "expected_value_gibbs_state": -8.945662333112239,
  "expected_value_hadamard_state": -7.500007499982002,
  "energy_qaoa_gibbs_state": -9.551732887149576,
  "energy_qaoa_hadamard_state": -10.015652705254965,
  "energy_value_exact": -11
}