{
  "expected_value_gibbs_state": -8.912787115431692,
  "expected_value_hadamard_state": -8.000007999977493,
  "energy_qaoa_gibbs_state": -10.083196754759285,
  "energy_qaoa_hadamard_state": -9.919291402220558,
  "energy_value_exact": -11
}