{
  "expected_value_gibbs_state": -8.868537429026768,
  "expected_value_hadamard_state": -7.500007499980506,
  "energy_qaoa_gibbs_state": -9.468006528067324,
  "energy_qaoa_hadamard_state": -9.121665981952564,
  "energy_value_exact": -10
}