{
  "expected_value_gibbs_state": -9.573473048647042,
  "expected_value_hadamard_state": -7.000006999985007,
  "energy_qaoa_gibbs_state": -9.782855770251384,
  "energy_qaoa_hadamard_state": -9.014620507582677,
  "energy_value_exact": -10
}