{
  "expected_value_gibbs_state": -9.958723984439066,
  "expected_value_hadamard_state": -9.000008999968504,
  "energy_qaoa_gibbs_state": -11.333653089341539,
  "energy_qaoa_hadamard_state": -10.391947062863672,
  "energy_value_exact": -12
}