{
  "expected_value_gibbs_state": -13.995939593308595,
  "expected_value_one_state": -14.0,
  "energy_qaoa_gibbs_state": -15.487217238568114,
  "energy_qaoa_one_state": -14.160116855145882,
  "energy_value_exact": -17
}