{
  "expected_value_gibbs_state": -18.490628893715957,
  "expected_value_one_state": -19.0,
  "energy_qaoa_gibbs_state": -21.032206059992795,
  "energy_qaoa_one_state": -19.000000000000185,
  "energy_value_exact": -22
}