{
  "expected_value_gibbs_state": -16.715085719218287,
  "expected_value_one_state": -17.0,
  "energy_qaoa_gibbs_state": -18.968805785211693,
  "energy_qaoa_one_state": -17.000000000000142,
  "energy_value_exact": -22
}