{
  "expected_value_gibbs_state": -17.21220200816064,
  "expected_value_one_state": -18.0,
  "energy_qaoa_gibbs_state": -18.44611800793964,
  "energy_qaoa_one_state": -18.000000000000277,
  "energy_value_exact": -22
}