{
  "expected_value_gibbs_state": -14.344184150591373,
  "expected_value_one_state": -15.0,
  "energy_qaoa_gibbs_state": -16.73816002708837,
  "energy_qaoa_one_state": -15.00000000000014,
  "energy_value_exact": -19
}