{
  "expected_value_gibbs_state": -18.10205651552414,
  "expected_value_one_state": -19.0,
  "energy_qaoa_gibbs_state": -22.410395299638132,
  "energy_qaoa_one_state": -19.897984416002927,
  "energy_value_exact": -23
}