{
  "expected_value_gibbs_state": -17.019408298602222,
  "expected_value_one_state": -18.0,
  "energy_qaoa_gibbs_state": -18.49969590375383,
  "energy_qaoa_one_state": -18.00000000000024,
  "energy_value_exact": -21
}