{
  "expected_value_gibbs_state": -16.926019824827957,
  "expected_value_one_state": -17.0,
  "energy_qaoa_gibbs_state": -18.756441830005507,
  "energy_qaoa_one_state": -17.000000000000234,
  "energy_value_exact": -21
}