{
  "expected_value_gibbs_state": -12.538175638803759,
  "expected_value_one_state": -13.0,
  "energy_qaoa_gibbs_state": -13.579500158176643,
  "energy_qaoa_one_state": -13.101968940374686,
  "energy_value_exact": -17
}