{
  "expected_value_gibbs_state": -15.813348266359858,
  "expected_value_one_state": -16.0,
  "energy_qaoa_gibbs_state": -18.10671690714549,
  "energy_qaoa_one_state": -16.11927461177418,
  "energy_value_exact": -19
}