{
  "expected_value_gibbs_state": -12.874536248739275,
  "expected_value_one_state": -13.0,
  "energy_qaoa_gibbs_state": -14.753211290091599,
  "energy_qaoa_one_state": -13.75275018075451,
  "energy_value_exact": -18
}