{
  "expected_value_gibbs_state": -13.451407024280963,
  "expected_value_one_state": -14.0,
  "energy_qaoa_gibbs_state": -15.077679665462146,
  "energy_qaoa_one_state": -14.006873435833967,
  "energy_value_exact": -16
}