{
  "expected_value_gibbs_state": -17.86848298011083,
  "expected_value_one_state": -18.0,
  "energy_qaoa_gibbs_state": -21.036988489854586,
  "energy_qaoa_one_state": -17.432984812011675,
  "energy_value_exact": -23
}