{
  "expected_value_gibbs_state": -15.258904910349761,
  "expected_value_one_state": -16.0,
  "energy_qaoa_gibbs_state": -16.190061882848358,
  "energy_qaoa_one_state": -15.999999999999867,
  "energy_value_exact": -19
}