{
  "expected_value_gibbs_state": -19.05126981426272,
  "expected_value_one_state": -20.0,
  "energy_qaoa_gibbs_state": -20.956786992640886,
  "energy_qaoa_one_state": -20.000000000000234,
  "energy_value_exact": -25
}