{
  "expected_value_gibbs_state": -17.088250280091238,
  "expected_value_one_state": -18.0,
  "energy_qaoa_gibbs_state": -19.470762808197026,
  "energy_qaoa_one_state": -18.353932802453194,
  "energy_value_exact": -21
}