{
  "expected_value_gibbs_state": -20.177350348455168,
  "expected_value_one_state": -21.0,
  "energy_qaoa_gibbs_state": -21.043908660136413,
  "energy_qaoa_one_state": -21.00000000000019,
  "energy_value_exact": -24
}