{
  "expected_value_gibbs_state": -11.584591230874778,
  "expected_value_one_state": -12.0,
  "energy_qaoa_gibbs_state": -13.251671931177757,
  "energy_qaoa_one_state": -11.830014807903042,
  "energy_value_exact": -16
}