{
  "expected_value_gibbs_state": -12.56197317636497,
  "expected_value_one_state": -13.0,
  "energy_qaoa_gibbs_state": -14.283671438119562,
  "energy_qaoa_one_state": -13.000000000000037,
  "energy_value_exact": -16
}