{
  "expected_value_gibbs_state": -16.967250656825176,
  "expected_value_one_state": -17.0,
  "energy_qaoa_gibbs_state": -17.36000068363385,
  "energy_qaoa_one_state": -17.05043974747809,
  "energy_value_exact": -21
}