{
  "expected_value_gibbs_state": -19.564838092992265,
  "expected_value_one_state": -20.0,
  "energy_qaoa_gibbs_state": -22.07606247932945,
  "energy_qaoa_one_state": -20.10198740317231,
  "energy_value_exact": -23
}