{
  "expected_value_gibbs_state": -14.73673986339206,
  "expected_value_one_state": -15.0,
  "energy_qaoa_gibbs_state": -16.117885318733805,
  "energy_qaoa_one_state": -15.000000000000048,
  "energy_value_exact": -18
}