{
  "expected_value_gibbs_state": -17.950098157797115,
  "expected_value_one_state": -18.0,
  "energy_qaoa_gibbs_state": -20.2956846693475,
  "energy_qaoa_one_state": -18.00000000000026,
  "energy_value_exact": -22
}