{
  "expected_value_gibbs_state": -17.624538681234103,
  "expected_value_one_state": -18.0,
  "energy_qaoa_gibbs_state": -18.871611051399494,
  "energy_qaoa_one_state": -18.047511650224337,
  "energy_value_exact": -21
}