{
  "expected_value_gibbs_state": -16.83074736315764,
  "expected_value_one_state": -17.0,
  "energy_qaoa_gibbs_state": -17.23044302153299,
  "energy_qaoa_one_state": -17.75794458507134,
  "energy_value_exact": -20
}