{
  "expected_value_gibbs_state": -13.459480493472128,
  "expected_value_one_state": -14.0,
  "energy_qaoa_gibbs_state": -15.937357519482667,
  "energy_qaoa_one_state": -14.669588395193898,
  "energy_value_exact": -17
}