{
  "expected_value_gibbs_state": -22.324518435430413,
  "expected_value_one_state": -23.0,
  "energy_qaoa_gibbs_state": -22.258821825740434,
  "energy_qaoa_one_state": -23.00000000000027,
  "energy_value_exact": -27
}