{
  "expected_value_gibbs_state": -15.835283698340106,
  "expected_value_one_state": -16.0,
  "energy_qaoa_gibbs_state": -17.083508393322187,
  "energy_qaoa_one_state": -17.150681716557926,
  "energy_value_exact": -20
}