{
  "expected_value_gibbs_state": -19.05142275993311,
  "expected_value_one_state": -20.0,
  "energy_qaoa_gibbs_state": -19.475190998595302,
  "energy_qaoa_one_state": -20.000001622912666,
  "energy_value_exact": -23
}