{
  "expected_value_gibbs_state": -14.441033358066477,
  "expected_value_one_state": -15.0,
  "energy_qaoa_gibbs_state": -16.79075325406442,
  "energy_qaoa_one_state": -15.000000000000318,
  "energy_value_exact": -19
}