{
  "expected_value_gibbs_state": -15.195989624888833,
  "expected_value_one_state": -16.0,
  "energy_qaoa_gibbs_state": -17.40481626724787,
  "energy_qaoa_one_state": -16.000000000000213,
  "energy_value_exact": -18
}