{
  "expected_value_gibbs_state": -11.92144275490316,
  "expected_value_one_state": -12.0,
  "energy_qaoa_gibbs_state": -14.365763612216718,
  "energy_qaoa_one_state": -12.19087689935623,
  "energy_value_exact": -16
}