{
  "expected_value_gibbs_state": -15.446948653821055,
  "expected_value_one_state": -16.0,
  "energy_qaoa_gibbs_state": -18.208237431337114,
  "energy_qaoa_one_state": -16.119931397690536,
  "energy_value_exact": -19
}