{
  "expected_value_gibbs_state": -16.661329719190945,
  "expected_value_one_state": -17.0,
  "energy_qaoa_gibbs_state": -19.13077024483549,
  "energy_qaoa_one_state": -16.999999999998327,
  "energy_value_exact": -20
}