{
  "expected_value_gibbs_state": -18.684327105090546,
  "expected_value_one_state": -19.0,
  "energy_qaoa_gibbs_state": -20.418026723558178,
  "energy_qaoa_one_state": -19.000000000000277,
  "energy_value_exact": -23
}