{
  "expected_value_gibbs_state": -16.57928125909594,
  "expected_value_one_state": -17.0,
  "energy_qaoa_gibbs_state": -17.979992908176186,
  "energy_qaoa_one_state": -19.000000000000238,
  "energy_value_exact": -21
}