{
  "expected_value_gibbs_state": -18.045102166659362,
  "expected_value_one_state": -19.0,
  "energy_qaoa_gibbs_state": -19.889940653737007,
  "energy_qaoa_one_state": -21.000000000000302,
  "energy_value_exact": -22
}