{
  "expected_value_gibbs_state": -18.07468938814485,
  "expected_value_one_state": -19.0,
  "energy_qaoa_gibbs_state": -19.372706319796094,
  "energy_qaoa_one_state": -19.06101962619298,
  "energy_value_exact": -22
}