{
  "expected_value_gibbs_state": -16.398856409319347,
  "expected_value_one_state": -17.0,
  "energy_qaoa_gibbs_state": -16.706725067791083,
  "energy_qaoa_one_state": -17.468526901322154,
  "energy_value_exact": -20
}