{
  "expected_value_gibbs_state": -19.712407517271515,
  "expected_value_one_state": -20.0,
  "energy_qaoa_gibbs_state": -22.475303356980003,
  "energy_qaoa_one_state": -19.728286605454763,
  "energy_value_exact": -25
}