{
  "expected_value_gibbs_state": -17.762507909554927,
  "expected_value_one_state": -18.0,
  "energy_qaoa_gibbs_state": -19.08856293597138,
  "energy_qaoa_one_state": -17.999999999999368,
  "energy_value_exact": -22
}