{
  "expected_value_gibbs_state": -16.795839803066976,
  "expected_value_one_state": -17.0,
  "energy_qaoa_gibbs_state": -18.884850149610106,
  "energy_qaoa_one_state": -17.22903045753936,
  "energy_value_exact": -20
}