{
  "expected_value_gibbs_state": -14.248468147513588,
  "expected_value_one_state": -15.0,
  "energy_qaoa_gibbs_state": -16.60027795193743,
  "energy_qaoa_one_state": -15.000000000000078,
  "energy_value_exact": -18
}