{
  "expected_value_gibbs_state": -16.820117219235847,
  "expected_value_one_state": -17.0,
  "energy_qaoa_gibbs_state": -17.22652659428783,
  "energy_qaoa_one_state": -17.5316242986014,
  "energy_value_exact": -21
}