{
  "expected_value_gibbs_state": -14.208155072648912,
  "expected_value_one_state": -15.0,
  "energy_qaoa_gibbs_state": -15.694134196794831,
  "energy_qaoa_one_state": -15.000000000000115,
  "energy_value_exact": -18
}