{
  "expected_value_gibbs_state": -17.62705649523289,
  "expected_value_one_state": -18.0,
  "energy_qaoa_gibbs_state": -19.765996154441325,
  "energy_qaoa_one_state": -18.00000000000017,
  "energy_value_exact": -22
}