{
  "expected_value_gibbs_state": -15.301893300701998,
  "expected_value_one_state": -16.0,
  "energy_qaoa_gibbs_state": -17.390819868124428,
  "energy_qaoa_one_state": -16.00000000000014,
  "energy_value_exact": -19
}