{
  "expected_value_gibbs_state": -14.424718205060515,
  "expected_value_one_state": -15.0,
  "energy_qaoa_gibbs_state": -17.259603305766298,
  "energy_qaoa_one_state": -15.142678848696237,
  "energy_value_exact": -18
}