{
  "expected_value_gibbs_state": -14.212852840112472,
  "expected_value_one_state": -15.0,
  "energy_qaoa_gibbs_state": -16.417407873498448,
  "energy_qaoa_one_state": -15.000000000000215,
  "energy_value_exact": -18
}