{
  "expected_value_gibbs_state": -15.430615186431142,
  "expected_value_one_state": -16.0,
  "energy_qaoa_gibbs_state": -17.848314459712416,
  "energy_qaoa_one_state": -15.530936916368425,
  "energy_value_exact": -19
}