{
  "expected_value_gibbs_state": -17.934177578605418,
  "expected_value_one_state": -18.0,
  "energy_qaoa_gibbs_state": -18.374180921271744,
  "energy_qaoa_one_state": -18.904551980659868,
  "energy_value_exact": -21
}