{
  "expected_value_gibbs_state": -19.343704969968147,
  "expected_value_one_state": -20.0,
  "energy_qaoa_gibbs_state": -20.565515571653222,
  "energy_qaoa_one_state": -19.950769550877233,
  "energy_value_exact": -23
}