{
  "expected_value_gibbs_state": -16.512645069989897,
  "expected_value_one_state": -17.0,
  "energy_qaoa_gibbs_state": -19.91696106736962,
  "energy_qaoa_one_state": -17.000000000000306,
  "energy_value_exact": -21
}