{
  "expected_value_gibbs_state": -16.034195235429948,
  "expected_value_one_state": -17.0,
  "energy_qaoa_gibbs_state": -18.080789116802862,
  "energy_qaoa_one_state": -16.516444327385436,
  "energy_value_exact": -20
}