{
  "expected_value_gibbs_state": -17.279704102859924,
  "expected_value_one_state": -18.0,
  "energy_qaoa_gibbs_state": -20.398460846118937,
  "energy_qaoa_one_state": -18.00000000000034,
  "energy_value_exact": -22
}