{
  "expected_value_gibbs_state": -15.278508813071118,
  "expected_value_one_state": -16.0,
  "energy_qaoa_gibbs_state": -16.634157913930768,
  "energy_qaoa_one_state": -16.00000000000027,
  "energy_value_exact": -19
}