{
  "expected_value_gibbs_state": -17.886795881244126,
  "expected_value_one_state": -18.0,
  "energy_qaoa_gibbs_state": -19.42776721208957,
  "energy_qaoa_one_state": -17.86980193754971,
  "energy_value_exact": -23
}