{
  "expected_value_gibbs_state": -15.763533195316375,
  "expected_value_one_state": -16.0,
  "energy_qaoa_gibbs_state": -17.74339374885291,
  "energy_qaoa_one_state": -16.108630506834384,
  "energy_value_exact": -19
}