{
  "expected_value_gibbs_state": -16.861483845276215,
  "expected_value_one_state": -17.0,
  "energy_qaoa_gibbs_state": -19.401639060219946,
  "energy_qaoa_one_state": -17.19310118746186,
  "energy_value_exact": -20
}