{
  "expected_value_gibbs_state": -14.31115563546927,
  "expected_value_one_state": -15.0,
  "energy_qaoa_gibbs_state": -15.129123529745964,
  "energy_qaoa_one_state": -14.99999999999996,
  "energy_value_exact": -18
}