{
  "expected_value_gibbs_state": -18.05874483524857,
  "expected_value_one_state": -19.0,
  "energy_qaoa_gibbs_state": -19.689282785008118,
  "energy_qaoa_one_state": -19.000000000000338,
  "energy_value_exact": -21
}