{
  "expected_value_gibbs_state": -17.070554275676304,
  "expected_value_one_state": -18.0,
  "energy_qaoa_gibbs_state": -18.62393050183966,
  "energy_qaoa_one_state": -17.968433417371944,
  "energy_value_exact": -22
}