{
  "expected_value_gibbs_state": -18.1442919278658,
  "expected_value_one_state": -19.0,
  "energy_qaoa_gibbs_state": -19.939142854846217,
  "energy_qaoa_one_state": -19.00000000000036,
  "energy_value_exact": -22
}