{
  "expected_value_gibbs_state": -14.482361849417114,
  "expected_value_one_state": -15.0,
  "energy_qaoa_gibbs_state": -16.29373079236162,
  "energy_qaoa_one_state": -14.985384145216369,
  "energy_value_exact": -19
}