{
  "expected_value_gibbs_state": -17.6959639267753,
  "expected_value_hadamard_state": -15.500015499923421,
  "energy_qaoa_gibbs_state": -18.39945940589819,
  "energy_qaoa_hadamard_state": -18.467343378490398,
  "energy_value_exact": -20
}