{
  "expected_value_gibbs_state": -12.98480232314174,
  "expected_value_hadamard_state": -11.500011499972958,
  "energy_qaoa_gibbs_state": -14.759380874531857,
  "energy_qaoa_hadamard_state": -14.306593202070445,
  "energy_value_exact": -17
}