{
  "expected_value_gibbs_state": -17.94952593414755,
  "expected_value_hadamard_state": -13.000012999954969,
  "energy_qaoa_gibbs_state": -17.96097397250712,
  "energy_qaoa_hadamard_state": -15.419569846797614,
  "energy_value_exact": -18
}