{
  "expected_value_gibbs_state": -14.74353785198242,
  "expected_value_hadamard_state": -13.000012999959466,
  "energy_qaoa_gibbs_state": -15.423696094873035,
  "energy_qaoa_hadamard_state": -15.160923051786423,
  "energy_value_exact": -18
}