{
  "expected_value_gibbs_state": -14.432080919875466,
  "expected_value_hadamard_state": -13.00001299995346,
  "energy_qaoa_gibbs_state": -15.815150800553953,
  "energy_qaoa_hadamard_state": -15.107975390678046,
  "energy_value_exact": -18
}