{
  "expected_value_gibbs_state": -17.58259931611082,
  "expected_value_hadamard_state": -14.500014499929542,
  "energy_qaoa_gibbs_state": -17.76672052090055,
  "energy_qaoa_hadamard_state": -15.93949834125809,
  "energy_value_exact": -18
}