{
  "expected_value_gibbs_state": -12.851539466283823,
  "expected_value_hadamard_state": -11.500011499965455,
  "energy_qaoa_gibbs_state": -13.973204659806436,
  "energy_qaoa_hadamard_state": -14.499297533037234,
  "energy_value_exact": -17
}