{
  "expected_value_gibbs_state": -13.999108105449503,
  "expected_value_hadamard_state": -11.500011499971444,
  "energy_qaoa_gibbs_state": -14.674587384207058,
  "energy_qaoa_hadamard_state": -15.294800611755385,
  "energy_value_exact": -17
}