{
  "expected_value_gibbs_state": -11.95429565934194,
  "expected_value_hadamard_state": -10.000009999984986,
  "energy_qaoa_gibbs_state": -13.221923054592224,
  "energy_qaoa_hadamard_state": -13.120766942859454,
  "energy_value_exact": -15
}