{
  "expected_value_gibbs_state": -13.308050815391386,
  "expected_value_hadamard_state": -12.000011999959497,
  "energy_qaoa_gibbs_state": -14.053524164975885,
  "energy_qaoa_hadamard_state": -14.419036911369169,
  "energy_value_exact": -16
}