{
  "expected_value_gibbs_state": -11.671152597333693,
  "expected_value_hadamard_state": -9.500009499987975,
  "energy_qaoa_gibbs_state": -13.147340728295042,
  "energy_qaoa_hadamard_state": -13.33333588465971,
  "energy_value_exact": -16
}