{
  "expected_value_gibbs_state": -18.961084776808224,
  "expected_value_hadamard_state": -15.50001549992043,
  "energy_qaoa_gibbs_state": -18.96968040051427,
  "energy_qaoa_hadamard_state": -17.480998358466124,
  "energy_value_exact": -19
}