{
  "expected_value_gibbs_state": -16.50595150329258,
  "expected_value_hadamard_state": -12.500012499956485,
  "energy_qaoa_gibbs_state": -16.657763328748175,
  "energy_qaoa_hadamard_state": -15.368798156494982,
  "energy_value_exact": -17
}