{
  "expected_value_gibbs_state": -18.75831176338049,
  "expected_value_hadamard_state": -13.000012999959464,
  "energy_qaoa_gibbs_state": -18.92987199827387,
  "energy_qaoa_hadamard_state": -15.075575757669569,
  "energy_value_exact": -19
}