{
  "expected_value_gibbs_state": -11.066432025436114,
  "expected_value_hadamard_state": -9.500009499977466,
  "energy_qaoa_gibbs_state": -12.712115796907263,
  "energy_qaoa_hadamard_state": -11.911432552652037,
  "energy_value_exact": -14
}