{
  "expected_value_gibbs_state": -8.947065343602949,
  "expected_value_hadamard_state": -7.50000749998952,
  "energy_qaoa_gibbs_state": -10.810750008023788,
  "energy_qaoa_hadamard_state": -10.452363213525377,
  "energy_value_exact": -12
}