{
  "expected_value_gibbs_state": -17.54618115076008,
  "expected_value_hadamard_state": -13.000012999957962,
  "energy_qaoa_gibbs_state": -17.722275910896816,
  "energy_qaoa_hadamard_state": -15.785845027105147,
  "energy_value_exact": -18
}