{
  "expected_value_gibbs_state": -19.788930890949157,
  "expected_value_hadamard_state": -15.500015499920417,
  "energy_qaoa_gibbs_state": -19.81943246519252,
  "energy_qaoa_hadamard_state": -17.358705093038385,
  "energy_value_exact": -20
}