{
  "expected_value_gibbs_state": -9.429334568942231,
  "expected_value_hadamard_state": -8.000007999984991,
  "energy_qaoa_gibbs_state": -10.424009797745713,
  "energy_qaoa_hadamard_state": -10.09627148776497,
  "energy_value_exact": -12
}