{
  "expected_value_gibbs_state": -14.595735788257521,
  "expected_value_hadamard_state": -13.00001299995196,
  "energy_qaoa_gibbs_state": -15.55227837903607,
  "energy_qaoa_hadamard_state": -14.526462575476504,
  "energy_value_exact": -18
}