{
  "expected_value_gibbs_state": -12.76815674691554,
  "expected_value_hadamard_state": -9.500009499984989,
  "energy_qaoa_gibbs_state": -13.357781660654162,
  "energy_qaoa_hadamard_state": -12.038686270395258,
  "energy_value_exact": -15
}