{
  "expected_value_gibbs_state": -9.436395913389314,
  "expected_value_hadamard_state": -7.000006999993984,
  "energy_qaoa_gibbs_state": -10.250403157453583,
  "energy_qaoa_hadamard_state": -9.943686597679317,
  "energy_value_exact": -11
}