{
  "expected_value_gibbs_state": -11.690930116815254,
  "expected_value_hadamard_state": -10.000009999978987,
  "energy_qaoa_gibbs_state": -12.213938994212139,
  "energy_qaoa_hadamard_state": -13.267460762463006,
  "energy_value_exact": -15
}