{
  "expected_value_gibbs_state": -10.635109964709635,
  "expected_value_hadamard_state": -9.000008999985022,
  "energy_qaoa_gibbs_state": -12.006906452732204,
  "energy_qaoa_hadamard_state": -11.507524656740223,
  "energy_value_exact": -13
}