{
  "expected_value_gibbs_state": -13.873439566094204,
  "expected_value_hadamard_state": -12.50001249995648,
  "energy_qaoa_gibbs_state": -15.38228272577031,
  "energy_qaoa_hadamard_state": -14.56286416292171,
  "energy_value_exact": -17
}