{
  "expected_value_gibbs_state": -17.01302530178343,
  "expected_value_hadamard_state": -13.500013499947539,
  "energy_qaoa_gibbs_state": -17.289455434329682,
  "energy_qaoa_hadamard_state": -15.669261043818906,
  "energy_value_exact": -18
}