{
  "expected_value_gibbs_state": -11.111643300889881,
  "expected_value_hadamard_state": -9.500009499980468,
  "energy_qaoa_gibbs_state": -12.648617253465396,
  "energy_qaoa_hadamard_state": -11.929385096315489,
  "energy_value_exact": -14
}