{
  "expected_value_gibbs_state": -15.961989290373014,
  "expected_value_hadamard_state": -13.500013499949047,
  "energy_qaoa_gibbs_state": -16.2355907638324,
  "energy_qaoa_hadamard_state": -15.760847398326483,
  "energy_value_exact": -19
}