{
  "expected_value_gibbs_state": -12.539409368939928,
  "expected_value_hadamard_state": -9.500009499986467,
  "energy_qaoa_gibbs_state": -13.624319295395761,
  "energy_qaoa_hadamard_state": -13.160093691495952,
  "energy_value_exact": -14
}