{
  "expected_value_gibbs_state": -9.815616311625885,
  "expected_value_hadamard_state": -7.500007499988031,
  "energy_qaoa_gibbs_state": -10.75008071227337,
  "energy_qaoa_hadamard_state": -9.975528237357949,
  "energy_value_exact": -12
}