{
  "expected_value_gibbs_state": -10.876477366814983,
  "expected_value_hadamard_state": -9.500009499987982,
  "energy_qaoa_gibbs_state": -11.855210702627595,
  "energy_qaoa_hadamard_state": -12.960032902892285,
  "energy_value_exact": -15
}