{
  "expected_value_gibbs_state": -19.3120783920576,
  "expected_value_hadamard_state": -14.500014499937052,
  "energy_qaoa_gibbs_state": -19.12358122199484,
  "energy_qaoa_hadamard_state": -17.72198789112694,
  "energy_value_exact": -20
}