{
  "expected_value_gibbs_state": -12.04282289282122,
  "expected_value_hadamard_state": -10.500010499976009,
  "energy_qaoa_gibbs_state": -14.270803636336822,
  "energy_qaoa_hadamard_state": -14.168744349601276,
  "energy_value_exact": -15
}