{
  "expected_value_gibbs_state": -17.917760173819726,
  "expected_value_hadamard_state": -13.000012999948966,
  "energy_qaoa_gibbs_state": -17.931550629713957,
  "energy_qaoa_hadamard_state": -14.531574553439212,
  "energy_value_exact": -18
}