{
  "expected_value_gibbs_state": -12.72620362657497,
  "expected_value_hadamard_state": -11.000010999969989,
  "energy_qaoa_gibbs_state": -13.296210925087443,
  "energy_qaoa_hadamard_state": -13.659691378301835,
  "energy_value_exact": -15
}