{
  "expected_value_gibbs_state": -14.826720664157566,
  "expected_value_hadamard_state": -12.500012499960977,
  "energy_qaoa_gibbs_state": -15.735289559071237,
  "energy_qaoa_hadamard_state": -14.976006838335692,
  "energy_value_exact": -17
}