{
  "expected_value_gibbs_state": -15.8941901729775,
  "expected_value_hadamard_state": -12.000011999960984,
  "energy_qaoa_gibbs_state": -15.952162455233292,
  "energy_qaoa_hadamard_state": -14.153273321343061,
  "energy_value_exact": -16
}