{
  "expected_value_gibbs_state": -16.661266006910274,
  "expected_value_hadamard_state": -14.500014499935522,
  "energy_qaoa_gibbs_state": -17.357141241739935,
  "energy_qaoa_hadamard_state": -17.58509837487053,
  "energy_value_exact": -19
}