{
  "expected_value_gibbs_state": -12.475377017967457,
  "expected_value_hadamard_state": -11.000010999975977,
  "energy_qaoa_gibbs_state": -13.991198141211065,
  "energy_qaoa_hadamard_state": -13.624545026301991,
  "energy_value_exact": -17
}