{
  "expected_value_gibbs_state": -15.600696686466517,
  "expected_value_hadamard_state": -13.000012999959472,
  "energy_qaoa_gibbs_state": -16.25671449774574,
  "energy_qaoa_hadamard_state": -16.043423203299845,
  "energy_value_exact": -18
}