{
  "expected_value_gibbs_state": -17.012423180377418,
  "expected_value_hadamard_state": -13.500013499944554,
  "energy_qaoa_gibbs_state": -17.26805338834562,
  "energy_qaoa_hadamard_state": -15.861276987408806,
  "energy_value_exact": -18
}