{
  "expected_value_gibbs_state": -10.675582113883523,
  "expected_value_hadamard_state": -9.000008999985015,
  "energy_qaoa_gibbs_state": -12.387545356268703,
  "energy_qaoa_hadamard_state": -11.284026148976153,
  "energy_value_exact": -14
}