{
  "expected_value_gibbs_state": -12.020365591188932,
  "expected_value_hadamard_state": -9.500009499980468,
  "energy_qaoa_gibbs_state": -13.062003266252916,
  "energy_qaoa_hadamard_state": -11.601859184434655,
  "energy_value_exact": -14
}