{
  "expected_value_gibbs_state": -12.859157337462822,
  "expected_value_hadamard_state": -11.50001149996694,
  "energy_qaoa_gibbs_state": -13.904176771198806,
  "energy_qaoa_hadamard_state": -14.149107840780907,
  "energy_value_exact": -17
}