{
  "expected_value_gibbs_state": -16.904118067595682,
  "expected_value_hadamard_state": -14.500014499938548,
  "energy_qaoa_gibbs_state": -17.677150558994143,
  "energy_qaoa_hadamard_state": -17.73347231701358,
  "energy_value_exact": -20
}