{
  "expected_value_gibbs_state": -19.552914413783064,
  "expected_value_hadamard_state": -15.000014999929482,
  "energy_qaoa_gibbs_state": -19.59040891726879,
  "energy_qaoa_hadamard_state": -17.337929824984762,
  "energy_value_exact": -20
}