{
  "expected_value_gibbs_state": -18.56021036044363,
  "expected_value_hadamard_state": -14.000013999943013,
  "energy_qaoa_gibbs_state": -18.834465611632613,
  "energy_qaoa_hadamard_state": -17.615640678789333,
  "energy_value_exact": -19
}