{
  "expected_value_gibbs_state": -16.133990151505067,
  "expected_value_hadamard_state": -12.00001199996699,
  "energy_qaoa_gibbs_state": -16.3221354266081,
  "energy_qaoa_hadamard_state": -14.763036011549843,
  "energy_value_exact": -17
}