{
  "expected_value_gibbs_state": -16.941872572146217,
  "expected_value_hadamard_state": -14.500014499940034,
  "energy_qaoa_gibbs_state": -17.393496913550337,
  "energy_qaoa_hadamard_state": -16.59083582542258,
  "energy_value_exact": -20
}