{
  "expected_value_gibbs_state": -17.62412447435163,
  "expected_value_hadamard_state": -13.50001349995055,
  "energy_qaoa_gibbs_state": -17.85262726465077,
  "energy_qaoa_hadamard_state": -15.732967224032492,
  "energy_value_exact": -18
}