{
  "expected_value_gibbs_state": -17.290605566248576,
  "expected_value_hadamard_state": -12.500012499962487,
  "energy_qaoa_gibbs_state": -17.415747954006974,
  "energy_qaoa_hadamard_state": -15.909978555106697,
  "energy_value_exact": -18
}