{
  "expected_value_gibbs_state": -15.010496003157735,
  "expected_value_hadamard_state": -13.500013499952042,
  "energy_qaoa_gibbs_state": -15.656512632908699,
  "energy_qaoa_hadamard_state": -15.823027557708558,
  "energy_value_exact": -19
}