{
  "expected_value_gibbs_state": -7.373992724440908,
  "expected_value_hadamard_state": -5.500005499994004,
  "energy_qaoa_gibbs_state": -8.298212381974004,
  "energy_qaoa_hadamard_state": -7.886809122562017,
  "energy_value_exact": -9
}