{
  "expected_value_gibbs_state": -14.650416725163934,
  "expected_value_hadamard_state": -11.50001149996995,
  "energy_qaoa_gibbs_state": -14.899526177089932,
  "energy_qaoa_hadamard_state": -14.115017514701961,
  "energy_value_exact": -17
}