{
  "expected_value_gibbs_state": -14.861669001890323,
  "expected_value_hadamard_state": -13.500013499943059,
  "energy_qaoa_gibbs_state": -15.870469831703485,
  "energy_qaoa_hadamard_state": -15.292744868277737,
  "energy_value_exact": -18
}