{
  "expected_value_gibbs_state": -11.604699607870407,
  "expected_value_hadamard_state": -10.000009999983488,
  "energy_qaoa_gibbs_state": -13.100493564290963,
  "energy_qaoa_hadamard_state": -13.525722340901154,
  "energy_value_exact": -15
}