{
  "expected_value_gibbs_state": -16.279052693711595,
  "expected_value_hadamard_state": -11.500011499972953,
  "energy_qaoa_gibbs_state": -16.49740245214616,
  "energy_qaoa_hadamard_state": -14.248833620292348,
  "energy_value_exact": -17
}