{
  "expected_value_gibbs_state": -10.149561367223438,
  "expected_value_hadamard_state": -7.5000074999925275,
  "energy_qaoa_gibbs_state": -10.691021849217453,
  "energy_qaoa_hadamard_state": -10.7848680045389,
  "energy_value_exact": -12
}