{
  "expected_value_gibbs_state": -16.4510254397573,
  "expected_value_hadamard_state": -15.00001499992797,
  "energy_qaoa_gibbs_state": -17.52160469105572,
  "energy_qaoa_hadamard_state": -17.093474997264117,
  "energy_value_exact": -20
}