{
  "expected_value_gibbs_state": -9.459099610219138,
  "expected_value_hadamard_state": -8.000007999986494,
  "energy_qaoa_gibbs_state": -10.93866125844966,
  "energy_qaoa_hadamard_state": -10.97603895291608,
  "energy_value_exact": -12
}