{
  "expected_value_gibbs_state": -11.193506928369121,
  "expected_value_hadamard_state": -9.500009499980468,
  "energy_qaoa_gibbs_state": -11.918056225977956,
  "energy_qaoa_hadamard_state": -11.455658075979969,
  "energy_value_exact": -14
}