{
  "expected_value_gibbs_state": -14.560743829168326,
  "expected_value_hadamard_state": -11.000010999977487,
  "energy_qaoa_gibbs_state": -14.699673555127493,
  "energy_qaoa_hadamard_state": -12.89405552869337,
  "energy_value_exact": -17
}