{
  "expected_value_gibbs_state": -12.551761828706827,
  "expected_value_hadamard_state": -11.000010999974487,
  "energy_qaoa_gibbs_state": -13.34953438706335,
  "energy_qaoa_hadamard_state": -13.768007167662322,
  "energy_value_exact": -15
}