{
  "expected_value_gibbs_state": -13.956484121049519,
  "expected_value_hadamard_state": -12.50001249995947,
  "energy_qaoa_gibbs_state": -15.260088929921793,
  "energy_qaoa_hadamard_state": -14.631924628684747,
  "energy_value_exact": -18
}