{
  "expected_value_gibbs_state": -15.187811497915165,
  "expected_value_hadamard_state": -11.000010999968486,
  "energy_qaoa_gibbs_state": -15.212894655275182,
  "energy_qaoa_hadamard_state": -13.063012791375563,
  "energy_value_exact": -16
}