{
  "expected_value_gibbs_state": -12.417188127672809,
  "expected_value_hadamard_state": -10.500010499980503,
  "energy_qaoa_gibbs_state": -13.78232873327795,
  "energy_qaoa_hadamard_state": -12.879549713475296,
  "energy_value_exact": -15
}