{
  "expected_value_gibbs_state": -12.175139522517583,
  "expected_value_hadamard_state": -9.500009499981978,
  "energy_qaoa_gibbs_state": -12.801348120988457,
  "energy_qaoa_hadamard_state": -12.05364436368253,
  "energy_value_exact": -14
}