{
  "expected_value_gibbs_state": -14.934161661702946,
  "expected_value_hadamard_state": -13.500013499949041,
  "energy_qaoa_gibbs_state": -15.569080477217494,
  "energy_qaoa_hadamard_state": -15.486479632712518,
  "energy_value_exact": -18
}