{
  "expected_value_gibbs_state": -10.590078497273709,
  "expected_value_hadamard_state": -9.000008999985015,
  "energy_qaoa_gibbs_state": -12.196178021961034,
  "energy_qaoa_hadamard_state": -11.371611105258943,
  "energy_value_exact": -13
}