{
  "expected_value_gibbs_state": -14.624466959210995,
  "expected_value_hadamard_state": -13.00001299995498,
  "energy_qaoa_gibbs_state": -15.871915758210484,
  "energy_qaoa_hadamard_state": -15.586003647358057,
  "energy_value_exact": -17
}