{
  "expected_value_gibbs_state": -18.472587999321803,
  "expected_value_hadamard_state": -14.500014499937041,
  "energy_qaoa_gibbs_state": -18.665148646629344,
  "energy_qaoa_hadamard_state": -17.488859063542066,
  "energy_value_exact": -19
}