{
  "expected_value_gibbs_state": -14.530061861132443,
  "expected_value_hadamard_state": -13.000012999959475,
  "energy_qaoa_gibbs_state": -15.766928238675169,
  "energy_qaoa_hadamard_state": -15.414249799851785,
  "energy_value_exact": -18
}