{
  "expected_value_gibbs_state": -14.024849081015352,
  "expected_value_hadamard_state": -12.500012499954984,
  "energy_qaoa_gibbs_state": -15.644309347654241,
  "energy_qaoa_hadamard_state": -14.728929569709834,
  "energy_value_exact": -17
}