{
  "expected_value_gibbs_state": -12.51720380986698,
  "expected_value_hadamard_state": -10.000009999986496,
  "energy_qaoa_gibbs_state": -13.930751798213285,
  "energy_qaoa_hadamard_state": -13.451051940869899,
  "energy_value_exact": -15
}