{
  "expected_value_gibbs_state": -10.085212052342472,
  "expected_value_hadamard_state": -7.500007499991025,
  "energy_qaoa_gibbs_state": -10.937722156477832,
  "energy_qaoa_hadamard_state": -10.128464037781477,
  "energy_value_exact": -12
}