{
  "expected_value_gibbs_state": -11.1657910554351,
  "expected_value_hadamard_state": -8.000007999993992,
  "energy_qaoa_gibbs_state": -12.13610445806852,
  "energy_qaoa_hadamard_state": -10.946857019225082,
  "energy_value_exact": -13
}