{
  "expected_value_gibbs_state": -10.08635740174483,
  "expected_value_hadamard_state": -7.500007499989517,
  "energy_qaoa_gibbs_state": -11.573472113208187,
  "energy_qaoa_hadamard_state": -9.90797453421124,
  "energy_value_exact": -12
}