{
  "expected_value_gibbs_state": -14.681545026996723,
  "expected_value_hadamard_state": -12.500012499957979,
  "energy_qaoa_gibbs_state": -15.681163376561958,
  "energy_qaoa_hadamard_state": -14.11412480728529,
  "energy_value_exact": -17
}