{
  "expected_value_gibbs_state": -9.961130010323473,
  "expected_value_hadamard_state": -7.5000074999910185,
  "energy_qaoa_gibbs_state": -10.91801784076603,
  "energy_qaoa_hadamard_state": -10.58528460285359,
  "energy_value_exact": -12
}