{
  "expected_value_gibbs_state": -15.467403567038248,
  "expected_value_hadamard_state": -14.000013999941517,
  "energy_qaoa_gibbs_state": -16.83530065952271,
  "energy_qaoa_hadamard_state": -17.399349981611582,
  "energy_value_exact": -19
}