{
  "expected_value_gibbs_state": -11.64251184483258,
  "expected_value_hadamard_state": -9.00000899998501,
  "energy_qaoa_gibbs_state": -12.561651440412513,
  "energy_qaoa_hadamard_state": -12.26111129840432,
  "energy_value_exact": -13
}