{
  "expected_value_gibbs_state": -19.950629061534375,
  "expected_value_hadamard_state": -15.000014999930988,
  "energy_qaoa_gibbs_state": -19.966715662384466,
  "energy_qaoa_hadamard_state": -17.19327774586923,
  "energy_value_exact": -20
}