{
  "energy_tevo": [
    -14.643662181153122,
    -14.770951719215976,
    -14.897840274938352,
    -15.024119424695776,
    -15.149594897493516,
    -15.274069348096308,
    -15.39734560619243,
    -15.519229891272477,
    -15.639534895214263,
    -15.758082643122542,
    -15.874707055299268,
    -15.989256148469403,
    -16.101593831544307,
    -16.2116012691786,
    -16.31917780410159,
    -16.424241445725055,
    -16.52672894706702,
    -16.62659550402869,
    -16.72381412019609,
    -16.81837468651547,
    -16.91028282851764,
    -16.999558574506374,
    -17.08623489665762,
    -17.170356173742007,
    -17.251976619644687,
    -17.33115871646326,
    -17.40797168512128,
    -17.482490020486335,
    -17.554792112205575,
    -17.624958967073002,
    -17.69307304386006,
    -17.759217207254512,
    -17.82347380389171,
    -17.88592386041948,
    -17.946646401076126,
    -18.005717880327484,
    -18.063211724639203,
    -18.11919797639,
    -18.17374303219544,
    -18.22690946745506,
    -18.2787559387058,
    -18.329337155323497,
    -18.378703912221038,
    -18.426903175423686
  ],
  "exact_energy": -22.0
}