{
  "energy_tevo": [
    -14.643662181153122,
    -14.771981057869958,
    -14.898033638852704,
    -15.021828125323053,
    -15.143461967406747,
    -15.263030388365072,
    -15.380628990501851,
    -15.496337071184925,
    -15.6102194884957,
    -15.722328508038421,
    -15.83270560052693,
    -15.941383165185178,
    -16.04838615875871,
    -16.153733614172186,
    -16.25744003669281,
    -16.359516668947414,
    -16.459972619343848,
    -16.5588158513887,
    -16.65605403408165,
    -16.7516952559935,
    -16.845748607785982,
    -16.938224639790587,
    -17.029135702814823,
    -17.118496181578976,
    -17.206322631101408,
    -17.2926338269525,
    -17.377450740600196,
    -17.460796451096634,
    -17.54269600413352,
    -17.62317622905789,
    -17.702265523825425,
    -17.779993617114354,
    -17.85639131596683,
    -17.931490246401555,
    -18.005322593486536,
    -18.077920846402563,
    -18.14931755309247,
    -18.21954508820035,
    -18.288635437174335,
    -18.356619998649876,
    -18.4235294065551,
    -18.48939337279034,
    -18.554240550831626,
    -18.618098420188655,
    -18.68099319131062,
    -18.742949730266115,
    -18.803991502322397,
    -18.86414053340367,
    -18.923417388306532,
    -18.98184116448756,
    -19.039429500201486,
    -19.096198595752696,
    -19.15216324662117,
    -19.207336887232096,
    -19.26173164415285,
    -19.315358397519567,
    -19.368226849517818,
    -19.420345598767085,
    -19.471722219487216,
    -19.52236334435846,
    -19.572274750023794,
    -19.62146144422457,
    -19.66992775360988,
    -19.717677411312266,
    -19.764713643443514,
    -19.81103925372762,
    -19.856656705559008,
    -19.901568200846494,
    -19.94577575508145,
    -19.98928126814834
  ],
  "exact_energy": -22.0
}