{
  "expected_value_gibbs_state": -18.27011195549242,
  "expected_value_hadamard_state": -13.500013499977705,
  "energy_qaoa_gibbs_state": -18.54564533637291,
  "energy_qaoa_hadamard_state": -18.153883618353337,
  "energy_value_exact": -21
}