{
  "expected_value_gibbs_state": -21.394213193052664,
  "expected_value_hadamard_state": -19.000018999923476,
  "energy_qaoa_gibbs_state": -22.265185926944284,
  "energy_qaoa_hadamard_state": -23.069034781399758,
  "energy_value_exact": -26
}