{
  "expected_value_gibbs_state": -25.98774014925726,
  "expected_value_hadamard_state": -18.000017999936784,
  "energy_qaoa_gibbs_state": -25.99149132330577,
  "energy_qaoa_hadamard_state": -21.28656932266047,
  "energy_value_exact": -26
}