{
  "expected_value_gibbs_state": -21.64394361163852,
  "expected_value_hadamard_state": -18.500018499926515,
  "energy_qaoa_gibbs_state": -22.95724237548435,
  "energy_qaoa_hadamard_state": -22.740747050319314,
  "energy_value_exact": -24
}