{
  "expected_value_gibbs_state": -16.90561917348228,
  "expected_value_hadamard_state": -14.000013999974552,
  "energy_qaoa_gibbs_state": -18.57417796387538,
  "energy_qaoa_hadamard_state": -17.376050237139037,
  "energy_value_exact": -22
}