{
  "expected_value_gibbs_state": -27.889749291319248,
  "expected_value_hadamard_state": -21.00002099989332,
  "energy_qaoa_gibbs_state": -27.34823217921879,
  "energy_qaoa_hadamard_state": -23.694593632274774,
  "energy_value_exact": -28
}