{
  "expected_value_gibbs_state": -23.930619821863704,
  "expected_value_hadamard_state": -18.000017999926357,
  "energy_qaoa_gibbs_state": -23.93514492511312,
  "energy_qaoa_hadamard_state": -20.87633248557023,
  "energy_value_exact": -24
}