{
  "expected_value_gibbs_state": -13.174591223977572,
  "expected_value_hadamard_state": -11.000010999983347,
  "energy_qaoa_gibbs_state": -15.279613232585362,
  "energy_qaoa_hadamard_state": -14.022030523557476,
  "energy_value_exact": -17
}