{
  "expected_value_gibbs_state": -20.622024383978196,
  "expected_value_hadamard_state": -17.000016999945863,
  "energy_qaoa_gibbs_state": -21.873134024161594,
  "energy_qaoa_hadamard_state": -20.333620311410158,
  "energy_value_exact": -25
}