{
  "expected_value_gibbs_state": -19.76457095321257,
  "expected_value_hadamard_state": -16.000015999942946,
  "energy_qaoa_gibbs_state": -20.44771573030017,
  "energy_qaoa_hadamard_state": -18.717822759662994,
  "energy_value_exact": -22
}