{
  "expected_value_gibbs_state": -21.00139007546222,
  "expected_value_hadamard_state": -17.50001749994278,
  "energy_qaoa_gibbs_state": -22.803295258783937,
  "energy_qaoa_hadamard_state": -20.40650562551577,
  "energy_value_exact": -24
}