{
  "expected_value_gibbs_state": -23.88863738916276,
  "expected_value_hadamard_state": -18.00001799993386,
  "energy_qaoa_gibbs_state": -23.91254475749504,
  "energy_qaoa_hadamard_state": -20.565683607084424,
  "energy_value_exact": -24
}