{
  "expected_value_gibbs_state": -16.522428630473538,
  "expected_value_hadamard_state": -14.000013999970069,
  "energy_qaoa_gibbs_state": -18.750501461251364,
  "energy_qaoa_hadamard_state": -17.40299142306874,
  "energy_value_exact": -21
}