{
  "expected_value_gibbs_state": -21.67947522387483,
  "expected_value_hadamard_state": -19.50001949990716,
  "energy_qaoa_gibbs_state": -22.27933881690448,
  "energy_qaoa_hadamard_state": -22.38028998129083,
  "energy_value_exact": -26
}