{
  "expected_value_gibbs_state": -19.441934126905284,
  "expected_value_hadamard_state": -15.000014999959774,
  "energy_qaoa_gibbs_state": -20.94886903927152,
  "energy_qaoa_hadamard_state": -17.90903487753565,
  "energy_value_exact": -22
}