{
  "expected_value_gibbs_state": -24.38459353039148,
  "expected_value_hadamard_state": -17.500017499941354,
  "energy_qaoa_gibbs_state": -24.506474346058283,
  "energy_qaoa_hadamard_state": -19.717060320567594,
  "energy_value_exact": -25
}