{
  "expected_value_gibbs_state": -26.997964787934613,
  "expected_value_hadamard_state": -17.00001699995339,
  "energy_qaoa_gibbs_state": -26.999615745422,
  "energy_qaoa_hadamard_state": -22.25688124507791,
  "energy_value_exact": -27
}