{
  "expected_value_gibbs_state": -15.42657841685192,
  "expected_value_hadamard_state": -11.500011499985199,
  "energy_qaoa_gibbs_state": -16.43624261693561,
  "energy_qaoa_hadamard_state": -14.748107660632257,
  "energy_value_exact": -18
}