{
  "expected_value_gibbs_state": -16.743506371675938,
  "expected_value_hadamard_state": -13.000012999974604,
  "energy_qaoa_gibbs_state": -17.70380875802369,
  "energy_qaoa_hadamard_state": -16.29727107813506,
  "energy_value_exact": -19
}