{
  "expected_value_gibbs_state": -20.102124720805538,
  "expected_value_hadamard_state": -17.50001749993676,
  "energy_qaoa_gibbs_state": -22.0043975885842,
  "energy_qaoa_hadamard_state": -20.516207119859367,
  "energy_value_exact": -24
}