{
  "expected_value_gibbs_state": -20.238833886602624,
  "expected_value_hadamard_state": -16.000015999954982,
  "energy_qaoa_gibbs_state": -20.555303268015614,
  "energy_qaoa_hadamard_state": -19.920738841611247,
  "energy_value_exact": -22
}