{
  "expected_value_gibbs_state": -27.270957442489223,
  "expected_value_hadamard_state": -20.500020499902554,
  "energy_qaoa_gibbs_state": -27.431732279001313,
  "energy_qaoa_hadamard_state": -22.223079755941157,
  "energy_value_exact": -28
}