{
  "expected_value_gibbs_state": -19.985448997140807,
  "expected_value_hadamard_state": -18.000017999932354,
  "energy_qaoa_gibbs_state": -21.18776973338406,
  "energy_qaoa_hadamard_state": -20.410700538096982,
  "energy_value_exact": -25
}