{
  "expected_value_gibbs_state": -27.371945454109472,
  "expected_value_hadamard_state": -23.00002299985461,
  "energy_qaoa_gibbs_state": -27.52645987139362,
  "energy_qaoa_hadamard_state": -24.59483898393782,
  "energy_value_exact": -28
}