{
  "expected_value_gibbs_state": -20.274527726249882,
  "expected_value_hadamard_state": -18.000017999932364,
  "energy_qaoa_gibbs_state": -22.43183840776036,
  "energy_qaoa_hadamard_state": -21.99419187509014,
  "energy_value_exact": -25
}