{
  "expected_value_gibbs_state": -20.448536168873478,
  "expected_value_hadamard_state": -16.500016499947613,
  "energy_qaoa_gibbs_state": -21.34839896168944,
  "energy_qaoa_hadamard_state": -19.967192188592257,
  "energy_value_exact": -23
}