{
  "expected_value_gibbs_state": -20.88950048613036,
  "expected_value_hadamard_state": -18.50001849993098,
  "energy_qaoa_gibbs_state": -23.184166714690534,
  "energy_qaoa_hadamard_state": -21.54647289413534,
  "energy_value_exact": -25
}