{
  "expected_value_gibbs_state": -23.101585813931745,
  "expected_value_hadamard_state": -20.00001999990401,
  "energy_qaoa_gibbs_state": -23.76941418834714,
  "energy_qaoa_hadamard_state": -22.150377068221665,
  "energy_value_exact": -26
}