{
  "expected_value_gibbs_state": -19.11185926541088,
  "expected_value_hadamard_state": -15.500015499953905,
  "energy_qaoa_gibbs_state": -19.895978226143832,
  "energy_qaoa_hadamard_state": -19.522561113966482,
  "energy_value_exact": -21
}