{
  "expected_value_gibbs_state": -19.55474628612132,
  "expected_value_hadamard_state": -17.500017499936828,
  "energy_qaoa_gibbs_state": -21.355380838720443,
  "energy_qaoa_hadamard_state": -21.80077479535324,
  "energy_value_exact": -26
}