{
  "expected_value_gibbs_state": -23.950272850777264,
  "expected_value_hadamard_state": -17.500017499938334,
  "energy_qaoa_gibbs_state": -23.95620360257538,
  "energy_qaoa_hadamard_state": -20.357762681235286,
  "energy_value_exact": -24
}