{
  "expected_value_gibbs_state": -17.402083900153936,
  "expected_value_hadamard_state": -14.500014499971606,
  "energy_qaoa_gibbs_state": -19.50036137152732,
  "energy_qaoa_hadamard_state": -18.43049518398698,
  "energy_value_exact": -22
}