{
  "expected_value_gibbs_state": -24.29976246860233,
  "expected_value_hadamard_state": -19.000018999914527,
  "energy_qaoa_gibbs_state": -24.11942426817738,
  "energy_qaoa_hadamard_state": -21.747766829470955,
  "energy_value_exact": -25
}