{
  "expected_value_gibbs_state": -25.456726864795225,
  "expected_value_hadamard_state": -19.000018999917575,
  "energy_qaoa_gibbs_state": -25.48184836380007,
  "energy_qaoa_hadamard_state": -22.70694167782666,
  "energy_value_exact": -26
}