{
  "expected_value_gibbs_state": -19.857767186734062,
  "expected_value_hadamard_state": -17.000016999947423,
  "energy_qaoa_gibbs_state": -21.193287592912334,
  "energy_qaoa_hadamard_state": -20.872548686456106,
  "energy_value_exact": -24
}