{
  "expected_value_gibbs_state": -15.846057096677045,
  "expected_value_hadamard_state": -13.000012999979125,
  "energy_qaoa_gibbs_state": -18.546436034152592,
  "energy_qaoa_hadamard_state": -17.044242675643943,
  "energy_value_exact": -21
}