{
  "expected_value_gibbs_state": -24.378519449565623,
  "expected_value_hadamard_state": -22.00002199987523,
  "energy_qaoa_gibbs_state": -27.16286380271621,
  "energy_qaoa_hadamard_state": -24.539918617602687,
  "energy_value_exact": -29
}