{
  "expected_value_gibbs_state": -18.23685223335131,
  "expected_value_hadamard_state": -14.50001449996561,
  "energy_qaoa_gibbs_state": -18.293709268810026,
  "energy_qaoa_hadamard_state": -17.078712527442853,
  "energy_value_exact": -20
}