{
  "expected_value_gibbs_state": -15.173094162381059,
  "expected_value_hadamard_state": -12.500012499983692,
  "energy_qaoa_gibbs_state": -17.122295243687375,
  "energy_qaoa_hadamard_state": -15.6354642303043,
  "energy_value_exact": -20
}