{
  "expected_value_gibbs_state": -22.691647650383857,
  "expected_value_hadamard_state": -20.500020499896543,
  "energy_qaoa_gibbs_state": -24.289564647254608,
  "energy_qaoa_hadamard_state": -23.46697174002146,
  "energy_value_exact": -26
}