{
  "expected_value_gibbs_state": -22.926457705266074,
  "expected_value_hadamard_state": -17.500017499936792,
  "energy_qaoa_gibbs_state": -22.959728418216073,
  "energy_qaoa_hadamard_state": -20.417049505740394,
  "energy_value_exact": -23
}