{
  "expected_value_gibbs_state": -21.967542191082657,
  "expected_value_hadamard_state": -19.500019499920693,
  "energy_qaoa_gibbs_state": -23.332124643111364,
  "energy_qaoa_hadamard_state": -22.320430252726155,
  "energy_value_exact": -27
}