{
  "expected_value_gibbs_state": -20.718305225036527,
  "expected_value_hadamard_state": -17.500017499939794,
  "energy_qaoa_gibbs_state": -21.697742728690937,
  "energy_qaoa_hadamard_state": -21.00943015702933,
  "energy_value_exact": -24
}