{
  "expected_value_gibbs_state": -25.29615150880597,
  "expected_value_hadamard_state": -18.500018499924956,
  "energy_qaoa_gibbs_state": -25.478255797898754,
  "energy_qaoa_hadamard_state": -21.896173042774997,
  "energy_value_exact": -26
}