{
  "expected_value_gibbs_state": -20.89582145524182,
  "expected_value_hadamard_state": -15.0000149999598,
  "energy_qaoa_gibbs_state": -20.937283853957517,
  "energy_qaoa_hadamard_state": -17.885406334260626,
  "energy_value_exact": -21
}