{
  "expected_value_gibbs_state": -27.918143254313435,
  "expected_value_hadamard_state": -21.000020999890307,
  "energy_qaoa_gibbs_state": -27.947994802269132,
  "energy_qaoa_hadamard_state": -23.70398431119024,
  "energy_value_exact": -28
}