{
  "expected_value_gibbs_state": -27.643233552280964,
  "expected_value_hadamard_state": -20.000019999910034,
  "energy_qaoa_gibbs_state": -27.71543663161766,
  "energy_qaoa_hadamard_state": -22.265158199188406,
  "energy_value_exact": -28
}