{
  "expected_value_gibbs_state": -18.188249525738545,
  "expected_value_hadamard_state": -14.500014499962642,
  "energy_qaoa_gibbs_state": -19.059570912487523,
  "energy_qaoa_hadamard_state": -17.745988700463613,
  "energy_value_exact": -20
}