{
  "expected_value_gibbs_state": -21.148425264795268,
  "expected_value_hadamard_state": -19.000018999929523,
  "energy_qaoa_gibbs_state": -21.23668804095618,
  "energy_qaoa_hadamard_state": -21.991179256790822,
  "energy_value_exact": -26
}