{
  "expected_value_gibbs_state": -12.541224173609434,
  "expected_value_hadamard_state": -10.50001049998643,
  "energy_qaoa_gibbs_state": -13.699204709847805,
  "energy_qaoa_hadamard_state": -13.47990009705293,
  "energy_value_exact": -16
}