{
  "expected_value_gibbs_state": -24.955062978945453,
  "expected_value_hadamard_state": -18.000017999935345,
  "energy_qaoa_gibbs_state": -24.962993233960532,
  "energy_qaoa_hadamard_state": -21.520462701136783,
  "energy_value_exact": -25
}