{
  "expected_value_gibbs_state": -26.33941364580252,
  "expected_value_hadamard_state": -20.500020499901055,
  "energy_qaoa_gibbs_state": -26.61353227786691,
  "energy_qaoa_hadamard_state": -22.612867412435378,
  "energy_value_exact": -27
}