{
  "expected_value_gibbs_state": -18.265939541052962,
  "expected_value_hadamard_state": -15.500015499958394,
  "energy_qaoa_gibbs_state": -19.77181524164385,
  "energy_qaoa_hadamard_state": -18.555952017496544,
  "energy_value_exact": -23
}