{
  "expected_value_gibbs_state": -16.778590514350103,
  "expected_value_hadamard_state": -14.500014499958157,
  "energy_qaoa_gibbs_state": -18.612347203515768,
  "energy_qaoa_hadamard_state": -17.17660041247035,
  "energy_value_exact": -20
}