{
  "expected_value_gibbs_state": -22.909354396557745,
  "expected_value_hadamard_state": -17.500017499930802,
  "energy_qaoa_gibbs_state": -22.94454623491025,
  "energy_qaoa_hadamard_state": -20.035055256235744,
  "energy_value_exact": -23
}