{
  "expected_value_gibbs_state": -20.721207924354538,
  "expected_value_hadamard_state": -17.50001749993979,
  "energy_qaoa_gibbs_state": -20.96713366611651,
  "energy_qaoa_hadamard_state": -21.24719646028768,
  "energy_value_exact": -24
}