{
  "expected_value_gibbs_state": -16.408024705789494,
  "expected_value_hadamard_state": -14.000013999968568,
  "energy_qaoa_gibbs_state": -18.274362382771503,
  "energy_qaoa_hadamard_state": -16.90171406954947,
  "energy_value_exact": -20
}