{
  "expected_value_gibbs_state": -18.403658228617278,
  "expected_value_hadamard_state": -13.500013499976179,
  "energy_qaoa_gibbs_state": -19.106093835125826,
  "energy_qaoa_hadamard_state": -17.45377383331573,
  "energy_value_exact": -21
}