{
  "expected_value_gibbs_state": -15.696852727202579,
  "expected_value_hadamard_state": -12.000011999976,
  "energy_qaoa_gibbs_state": -16.44103981320854,
  "energy_qaoa_hadamard_state": -14.053705385391108,
  "energy_value_exact": -18
}