{
  "expected_value_gibbs_state": -16.073835152809608,
  "expected_value_hadamard_state": -13.5000134999747,
  "energy_qaoa_gibbs_state": -18.002588594766152,
  "energy_qaoa_hadamard_state": -17.284047120225488,
  "energy_value_exact": -20
}