{
  "expected_value_gibbs_state": -20.254069850073275,
  "expected_value_hadamard_state": -18.000017999932396,
  "energy_qaoa_gibbs_state": -21.5653637896017,
  "energy_qaoa_hadamard_state": -20.534258973432006,
  "energy_value_exact": -24
}