{
  "expected_value_gibbs_state": -26.933032384540528,
  "expected_value_hadamard_state": -21.000020999891838,
  "energy_qaoa_gibbs_state": -26.94411447714043,
  "energy_qaoa_hadamard_state": -23.119355854835838,
  "energy_value_exact": -27
}