{
  "expected_value_gibbs_state": -23.166690692474223,
  "expected_value_hadamard_state": -21.000020999896392,
  "energy_qaoa_gibbs_state": -23.98733224579227,
  "energy_qaoa_hadamard_state": -25.64498000055724,
  "energy_value_exact": -29
}