{
  "expected_value_gibbs_state": -25.921341414311755,
  "expected_value_hadamard_state": -20.500020499894983,
  "energy_qaoa_gibbs_state": -25.969272530465318,
  "energy_qaoa_hadamard_state": -23.11581497771504,
  "energy_value_exact": -26
}