{
  "expected_value_gibbs_state": -22.08793220764676,
  "expected_value_hadamard_state": -20.00001999990702,
  "energy_qaoa_gibbs_state": -23.396282391310606,
  "energy_qaoa_hadamard_state": -23.600844582661075,
  "energy_value_exact": -27
}