{
  "expected_value_gibbs_state": -16.32187802262058,
  "expected_value_hadamard_state": -14.500014499964143,
  "energy_qaoa_gibbs_state": -17.99259270931806,
  "energy_qaoa_hadamard_state": -17.306157057413436,
  "energy_value_exact": -21
}