{
  "expected_value_gibbs_state": -13.958307570568603,
  "expected_value_hadamard_state": -10.500010499989441,
  "energy_qaoa_gibbs_state": -14.05438790343964,
  "energy_qaoa_hadamard_state": -14.871205105978609,
  "energy_value_exact": -16
}