{
  "expected_value_gibbs_state": -22.280771397272115,
  "expected_value_hadamard_state": -20.00001999990554,
  "energy_qaoa_gibbs_state": -22.754247798536806,
  "energy_qaoa_hadamard_state": -23.068525646463563,
  "energy_value_exact": -26
}