{
  "expected_value_gibbs_state": -27.314603666944834,
  "expected_value_hadamard_state": -21.500021499887218,
  "energy_qaoa_gibbs_state": -27.514664953190252,
  "energy_qaoa_hadamard_state": -23.608056503314337,
  "energy_value_exact": -28
}