{
  "expected_value_gibbs_state": -24.90960043132026,
  "expected_value_hadamard_state": -19.50001949991915,
  "energy_qaoa_gibbs_state": -24.917872051214385,
  "energy_qaoa_hadamard_state": -21.78135024183576,
  "energy_value_exact": -26
}