{
  "expected_value_gibbs_state": -19.083631781104366,
  "expected_value_hadamard_state": -15.500015499950925,
  "energy_qaoa_gibbs_state": -20.169502130456124,
  "energy_qaoa_hadamard_state": -17.879959788409508,
  "energy_value_exact": -23
}