{
  "expected_value_gibbs_state": -17.08571819692566,
  "expected_value_hadamard_state": -13.000012999974627,
  "energy_qaoa_gibbs_state": -17.63801489146442,
  "energy_qaoa_hadamard_state": -16.56389943678844,
  "energy_value_exact": -20
}