{
  "expected_value_gibbs_state": -22.85619603058677,
  "expected_value_hadamard_state": -16.500016499950636,
  "energy_qaoa_gibbs_state": -22.88568523533634,
  "energy_qaoa_hadamard_state": -19.72079896166798,
  "energy_value_exact": -23
}