{
  "expected_value_gibbs_state": -13.470139398422992,
  "expected_value_hadamard_state": -10.000009999986748,
  "energy_qaoa_gibbs_state": -13.893941390402391,
  "energy_qaoa_hadamard_state": -13.614021662897565,
  "energy_value_exact": -16
}