{
  "expected_value_gibbs_state": -23.0381489363386,
  "expected_value_hadamard_state": -21.00002099989037,
  "energy_qaoa_gibbs_state": -24.528517537250067,
  "energy_qaoa_hadamard_state": -23.796721948403388,
  "energy_value_exact": -28
}