{
  "expected_value_gibbs_state": -22.102247431503663,
  "expected_value_hadamard_state": -20.000019999913075,
  "energy_qaoa_gibbs_state": -22.978408177663248,
  "energy_qaoa_hadamard_state": -22.682808461466948,
  "energy_value_exact": -26
}