{
  "expected_value_gibbs_state": -18.50049254011705,
  "expected_value_hadamard_state": -14.50001449996564,
  "energy_qaoa_gibbs_state": -19.022625661168107,
  "energy_qaoa_hadamard_state": -17.08727935923605,
  "energy_value_exact": -21
}