{
  "expected_value_gibbs_state": -25.858593432977177,
  "expected_value_hadamard_state": -20.5000204998995,
  "energy_qaoa_gibbs_state": -25.474653098364705,
  "energy_qaoa_hadamard_state": -24.779731763826284,
  "energy_value_exact": -26
}