{
  "expected_value_gibbs_state": -19.497905512501745,
  "expected_value_hadamard_state": -17.50001749993981,
  "energy_qaoa_gibbs_state": -21.90119657997586,
  "energy_qaoa_hadamard_state": -19.302567716776252,
  "energy_value_exact": -24
}