{
  "expected_value_gibbs_state": -18.934910850919934,
  "expected_value_hadamard_state": -17.00001699994289,
  "energy_qaoa_gibbs_state": -19.928533822730735,
  "energy_qaoa_hadamard_state": -19.730865681667595,
  "energy_value_exact": -23
}