{
  "expected_value_gibbs_state": -19.629678730747326,
  "expected_value_hadamard_state": -17.50001749993229,
  "energy_qaoa_gibbs_state": -20.083721328594223,
  "energy_qaoa_hadamard_state": -20.624998223382413,
  "energy_value_exact": -23
}