{
  "expected_value_gibbs_state": -16.115610620083633,
  "expected_value_hadamard_state": -14.000013999958085,
  "energy_qaoa_gibbs_state": -16.78573166633302,
  "energy_qaoa_hadamard_state": -16.476427423046523,
  "energy_value_exact": -20
}