{
  "expected_value_gibbs_state": -19.487105609713232,
  "expected_value_hadamard_state": -17.00001699993845,
  "energy_qaoa_gibbs_state": -20.19133581899009,
  "energy_qaoa_hadamard_state": -19.925839467120582,
  "energy_value_exact": -23
}