{
  "expected_value_gibbs_state": -20.32603436543522,
  "expected_value_hadamard_state": -16.500016499952135,
  "energy_qaoa_gibbs_state": -22.26961473001515,
  "energy_qaoa_hadamard_state": -21.81487932282821,
  "energy_value_exact": -24
}