{
  "expected_value_gibbs_state": -19.988795587039164,
  "expected_value_hadamard_state": -16.50001649993858,
  "energy_qaoa_gibbs_state": -20.564838495437975,
  "energy_qaoa_hadamard_state": -19.049681899091606,
  "energy_value_exact": -22
}