{
  "expected_value_gibbs_state": -16.256642619733277,
  "expected_value_hadamard_state": -14.000013999964024,
  "energy_qaoa_gibbs_state": -17.765970797509638,
  "energy_qaoa_hadamard_state": -17.503535583448457,
  "energy_value_exact": -19
}