{
  "expected_value_gibbs_state": -24.943313919526584,
  "expected_value_hadamard_state": -17.000016999944396,
  "energy_qaoa_gibbs_state": -24.947650543957085,
  "energy_qaoa_hadamard_state": -20.063705601476343,
  "energy_value_exact": -25
}