{
  "expected_value_gibbs_state": -26.943052613277057,
  "expected_value_hadamard_state": -21.000020999893625,
  "energy_qaoa_gibbs_state": -26.955118374378884,
  "energy_qaoa_hadamard_state": -24.36543544501626,
  "energy_value_exact": -27
}