{
  "expected_value_gibbs_state": -11.818110973450286,
  "expected_value_psgibbs_state": -11.676683802891983,
  "energy_qaoa_gibbs_state": -13.705821631983438,
  "energy_qaoa_one_state": -12.305892761198903,
  "energy_value_exact": -15,
  "entropy_gibbs_state": 5.826913928877397,
  "entropy_psgibbs_state": 5.335618691647192
}