{
  "expected_value_gibbs_state": -12.240068821323966,
  "expected_value_psgibbs_state": -12.080542913264084,
  "energy_qaoa_gibbs_state": -13.386601815676716,
  "energy_qaoa_one_state": -12.229364788750619,
  "energy_value_exact": -15,
  "entropy_gibbs_state": 5.856132307744964,
  "entropy_psgibbs_state": 4.843904242588034
}