{
  "expected_value_gibbs_state": -10.74486432869329,
  "expected_value_psgibbs_state": -10.999999999999995,
  "energy_qaoa_gibbs_state": -12.770004433867715,
  "energy_qaoa_one_state": -11.000000000000114,
  "energy_value_exact": -14,
  "entropy_gibbs_state": 5.8343785497187515,
  "entropy_psgibbs_state": 4.189654742026424
}