{
  "expected_value_gibbs_state": -7.250473137336274,
  "expected_value_psgibbs_state": -7.118502268834451,
  "energy_qaoa_gibbs_state": -8.359585704790565,
  "energy_qaoa_one_state": -7.964463044585505,
  "energy_value_exact": -10,
  "entropy_gibbs_state": 5.945266549737126,
  "entropy_psgibbs_state": 5.473540603511852
}