{
  "expected_value_gibbs_state": -10.74486432869329,
  "expected_value_psgibbs_state": -10.664044285130302,
  "energy_qaoa_gibbs_state": -12.657235353708721,
  "energy_qaoa_one_state": -11.0824094010908,
  "energy_value_exact": -14,
  "entropy_gibbs_state": 5.8343785497187515,
  "entropy_psgibbs_state": 5.054886636041039
}