{
  "expected_value_gibbs_state": -8.990542459393955,
  "expected_value_psgibbs_state": -8.999999999999993,
  "energy_qaoa_gibbs_state": -10.248545543080061,
  "energy_qaoa_one_state": -9.000000000000053,
  "energy_value_exact": -12,
  "entropy_gibbs_state": 5.891942758285631,
  "entropy_psgibbs_state": 4.430816798843309
}