{
  "expected_value_gibbs_state": -7.250473137336274,
  "expected_value_psgibbs_state": -7.000000000000009,
  "energy_qaoa_gibbs_state": -8.64864278687207,
  "energy_qaoa_one_state": -7.351371895550454,
  "energy_value_exact": -10,
  "entropy_gibbs_state": 5.945266549737126,
  "entropy_psgibbs_state": 4.605170185988082
}