{
  "expected_value_gibbs_state": -8.990542459393955,
  "expected_value_psgibbs_state": -8.99997780600468,
  "energy_qaoa_gibbs_state": -10.072010472878583,
  "energy_qaoa_one_state": -9.00006007685947,
  "energy_value_exact": -12,
  "entropy_gibbs_state": 5.891942758285631,
  "entropy_psgibbs_state": 4.431234603988316
}