{
  "expected_value_gibbs_state": -10.130265285722517,
  "expected_value_psgibbs_state": -10.00014802318785,
  "energy_qaoa_gibbs_state": -11.285131163615233,
  "energy_qaoa_one_state": -10.223436615221342,
  "energy_value_exact": -13,
  "entropy_gibbs_state": 5.863700067123168,
  "entropy_psgibbs_state": 4.586352148638169
}