{
  "expected_value_gibbs_state": -8.990542459393955,
  "expected_value_psgibbs_state": -8.886992008649942,
  "energy_qaoa_gibbs_state": -10.817073587098257,
  "energy_qaoa_one_state": -9.53870445271353,
  "energy_value_exact": -12,
  "entropy_gibbs_state": 5.891942758285631,
  "entropy_psgibbs_state": 5.1113587893940045
}