{
  "expected_value_gibbs_state": -11.818110973450286,
  "expected_value_psgibbs_state": -11.998901288559882,
  "energy_qaoa_gibbs_state": -13.959483078828098,
  "energy_qaoa_one_state": -12.000740712105177,
  "energy_value_exact": -15,
  "entropy_gibbs_state": 5.826913928877397,
  "entropy_psgibbs_state": 4.415588288187725
}