{
  "expected_value_gibbs_state": -10.913443290654678,
  "expected_value_psgibbs_state": -10.841776575509904,
  "energy_qaoa_gibbs_state": -12.780694733676937,
  "energy_qaoa_one_state": -11.408001735424254,
  "energy_value_exact": -14,
  "entropy_gibbs_state": 5.783030977288039,
  "entropy_psgibbs_state": 4.799226214139344
}