{
  "expected_value_gibbs_state": -8.990542459393955,
  "expected_value_psgibbs_state": -8.799001247511258,
  "energy_qaoa_gibbs_state": -10.233671709415496,
  "energy_qaoa_one_state": -9.646681538519353,
  "energy_value_exact": -12,
  "entropy_gibbs_state": 5.891942758285631,
  "entropy_psgibbs_state": 5.405053186837442
}