{
  "expected_value_gibbs_state": -45.92756996426027,
  "expected_value_hadamard_state": -42.50004249970253,
  "energy_qaoa_gibbs_state": -48.24729053773918,
  "energy_qaoa_hadamard_state": -46.51876468365074,
  "energy_value_exact": -53.0
}