{
  "expected_value_gibbs_state": -45.56862334376892,
  "expected_value_hadamard_state": -42.00004199972198,
  "energy_qaoa_gibbs_state": -48.16213953489129,
  "energy_qaoa_hadamard_state": -45.65471366284356,
  "energy_value_exact": -54.0
}