{
  "expected_value_gibbs_state": -43.8654684586344,
  "expected_value_hadamard_state": -40.50004049971797,
  "energy_qaoa_gibbs_state": -45.76304323944652,
  "energy_qaoa_hadamard_state": -44.921877667198544,
  "energy_value_exact": -52.0
}