{
  "expected_value_gibbs_state": -48.51819998637391,
  "expected_value_hadamard_state": -45.000044999638334,
  "energy_qaoa_gibbs_state": -49.17153779254829,
  "energy_qaoa_hadamard_state": -47.97551020579589,
  "energy_value_exact": -56.0
}