{
  "expected_value_gibbs_state": -46.98363598142133,
  "expected_value_hadamard_state": -43.50004349965873,
  "energy_qaoa_gibbs_state": -47.77401939461539,
  "energy_qaoa_hadamard_state": -46.841748790494584,
  "energy_value_exact": -56.0
}