{
  "expected_value_gibbs_state": -44.551301412699964,
  "expected_value_hadamard_state": -41.00004099972392,
  "energy_qaoa_gibbs_state": -48.8222697526772,
  "energy_qaoa_hadamard_state": -43.23499590909115,
  "energy_value_exact": -54.0
}