{
  "expected_value_gibbs_state": -47.491440859394395,
  "expected_value_hadamard_state": -44.000043999669295,
  "energy_qaoa_gibbs_state": -51.22114367975618,
  "energy_qaoa_hadamard_state": -47.71436791789215,
  "energy_value_exact": -56.0
}