{
  "expected_value_gibbs_state": -44.12548637469458,
  "expected_value_hadamard_state": -40.500040499750774,
  "energy_qaoa_gibbs_state": -46.610716470038426,
  "energy_qaoa_hadamard_state": -42.914206464471086,
  "energy_value_exact": -53.0
}