{
  "expected_value_gibbs_state": -42.17485435086365,
  "expected_value_hadamard_state": -38.50003849979257,
  "energy_qaoa_gibbs_state": -45.62889246966009,
  "energy_qaoa_hadamard_state": -41.81645832119665,
  "energy_value_exact": -52.0
}