{
  "expected_value_gibbs_state": -2.489837324807419,
  "expected_value_one_state": -3.0,
  "energy_qaoa_gibbs_state": -3.6072137976365544,
  "energy_qaoa_one_state": -3.051997455090262,
  "energy_value_exact": -4
}