{
  "expected_value_gibbs_state": -3.6685472466584375,
  "expected_value_one_state": -4.0,
  "energy_qaoa_gibbs_state": -4.715635547716375,
  "energy_qaoa_one_state": -4.000000000000018,
  "energy_value_exact": -5
}