{
  "expected_value_gibbs_state": -3.668547246658435,
  "expected_value_one_state": -4.0,
  "energy_qaoa_gibbs_state": -4.99381714775624,
  "energy_qaoa_one_state": -3.9999999999960507,
  "energy_value_exact": -5
}