{
  "expected_value_gibbs_state": -3.6685472466584343,
  "expected_value_one_state": -4.0,
  "energy_qaoa_gibbs_state": -4.365208092415407,
  "energy_qaoa_one_state": -3.9590715138278547,
  "energy_value_exact": -5
}