{
  "expected_value_gibbs_state": -3.668547246658436,
  "expected_value_one_state": -4.0,
  "energy_qaoa_gibbs_state": -4.8692512168866955,
  "energy_qaoa_one_state": -4.016195234158461,
  "energy_value_exact": -5
}