{
  "expected_value_gibbs_state": -3.589469435996527,
  "expected_value_one_state": -4.0,
  "energy_qaoa_gibbs_state": -4.798900191457141,
  "energy_qaoa_one_state": -3.978018516028157,
  "energy_value_exact": -5
}