{
  "expected_value_gibbs_state": -3.139818052347068,
  "expected_value_one_state": -4.0,
  "energy_qaoa_gibbs_state": -4.956128799048644,
  "energy_qaoa_one_state": -3.9999999999998925,
  "energy_value_exact": -5
}