{
  "expected_value_gibbs_state": -2.489837324807419,
  "expected_value_one_state": -3.0,
  "energy_qaoa_gibbs_state": -3.8930324365533076,
  "energy_qaoa_one_state": -3.0001314657669926,
  "energy_value_exact": -4
}