{
  "expected_value_gibbs_state": -3.6685472466584375,
  "expected_value_one_state": -4.0,
  "energy_qaoa_gibbs_state": -4.744685395174802,
  "energy_qaoa_one_state": -3.998273304778627,
  "energy_value_exact": -5
}