{
  "expected_value_gibbs_state": -2.967010104794672,
  "expected_value_one_state": -3.0,
  "energy_qaoa_gibbs_state": -3.9912871230388074,
  "energy_qaoa_one_state": -3.1773748963041406,
  "energy_value_exact": -4
}