{
  "expected_value_gibbs_state": -3.8167323536047637,
  "expected_value_one_state": -4.0,
  "energy_qaoa_gibbs_state": -5.998978787728122,
  "energy_qaoa_one_state": -4.324809063647459,
  "energy_value_exact": -6
}