{
  "expected_value_gibbs_state": -3.6685472466584375,
  "expected_value_one_state": -4.0,
  "energy_qaoa_gibbs_state": -4.983248127147261,
  "energy_qaoa_one_state": -3.9999999999999862,
  "energy_value_exact": -5
}