{
  "expected_value_gibbs_state": -2.489837324807419,
  "expected_value_one_state": -3.0,
  "energy_qaoa_gibbs_state": -3.682491097150993,
  "energy_qaoa_one_state": -2.9999999999999853,
  "energy_value_exact": -4
}