{
  "expected_value_gibbs_state": -3.589469435996527,
  "expected_value_one_state": -4.0,
  "energy_qaoa_gibbs_state": -4.337590941492021,
  "energy_qaoa_one_state": -4.000676477711533,
  "energy_value_exact": -5
}