{
  "expected_value_gibbs_state": -3.5894694359965276,
  "expected_value_one_state": -4.0,
  "energy_qaoa_gibbs_state": -4.324744615798997,
  "energy_qaoa_one_state": -3.958469519657806,
  "energy_value_exact": -5
}