{
  "expected_value_gibbs_state": -1.8673779936055634,
  "expected_value_one_state": -2.0,
  "energy_qaoa_gibbs_state": -2.9999999999999973,
  "energy_qaoa_one_state": -2.317523774400701,
  "energy_value_exact": -3
}