{
  "expected_value_gibbs_state": -1.8673779936055632,
  "expected_value_one_state": -2.0,
  "energy_qaoa_gibbs_state": -2.8314114596578204,
  "energy_qaoa_one_state": -1.997333081164366,
  "energy_value_exact": -3
}