{
  "expected_value_gibbs_state": -4.740091752343565,
  "expected_value_one_state": -5.0,
  "energy_qaoa_gibbs_state": -5.85534238069593,
  "energy_qaoa_one_state": -5.000000000000008,
  "energy_value_exact": -6
}