{
  "expected_value_gibbs_state": -3.139818052347069,
  "expected_value_one_state": -4.0,
  "energy_qaoa_gibbs_state": -4.915119569382128,
  "energy_qaoa_one_state": -4.000446180193536,
  "energy_value_exact": -5
}