{
  "expected_value_gibbs_state": -3.139818052347069,
  "expected_value_one_state": -4.0,
  "energy_qaoa_gibbs_state": -4.224740331105383,
  "energy_qaoa_one_state": -4.735573945863942,
  "energy_value_exact": -5
}