{
  "expected_value_gibbs_state": -3.1398180523470693,
  "expected_value_one_state": -4.0,
  "energy_qaoa_gibbs_state": -4.986286638867964,
  "energy_qaoa_one_state": -4.2989563864484985,
  "energy_value_exact": -5
}