{
  "expected_value_gibbs_state": -3.5894694359965267,
  "expected_value_one_state": -4.0,
  "energy_qaoa_gibbs_state": -4.735962641041585,
  "energy_qaoa_one_state": -3.9999999999999423,
  "energy_value_exact": -5
}