{
  "expected_value_gibbs_state": -4.664293786432058,
  "expected_value_one_state": -5.0,
  "energy_qaoa_gibbs_state": -5.41555214898929,
  "energy_qaoa_one_state": -5.12143095808662,
  "energy_value_exact": -6
}