{
  "expected_value_gibbs_state": -3.1398180523470693,
  "expected_value_one_state": -4.0,
  "energy_qaoa_gibbs_state": -4.517648711395697,
  "energy_qaoa_one_state": -3.999999999999449,
  "energy_value_exact": -5
}