{
  "expected_value_gibbs_state": -3.589469435996527,
  "expected_value_one_state": -4.0,
  "energy_qaoa_gibbs_state": -4.8099008032066735,
  "energy_qaoa_one_state": -4.3586813920436445,
  "energy_value_exact": -5
}