{
  "expected_value_gibbs_state": -3.1398180523470693,
  "expected_value_one_state": -4.0,
  "energy_qaoa_gibbs_state": -4.985167094196875,
  "energy_qaoa_one_state": -4.68718759393549,
  "energy_value_exact": -5
}