{
  "expected_value_gibbs_state": -2.967010104794672,
  "expected_value_one_state": -3.0,
  "energy_qaoa_gibbs_state": -3.901217147045877,
  "energy_qaoa_one_state": -3.3065733043085355,
  "energy_value_exact": -4
}