{
  "expected_value_gibbs_state": -3.668547246658437,
  "expected_value_one_state": -4.0,
  "energy_qaoa_gibbs_state": -4.7262903202791176,
  "energy_qaoa_one_state": -3.9999999999999964,
  "energy_value_exact": -5
}