{
  "expected_value_gibbs_state": -3.5894694359965262,
  "expected_value_one_state": -4.0,
  "energy_qaoa_gibbs_state": -4.576653297569426,
  "energy_qaoa_one_state": -3.9999999999893974,
  "energy_value_exact": -5
}