{
  "expected_value_gibbs_state": -2.4898373248074184,
  "expected_value_one_state": -3.0,
  "energy_qaoa_gibbs_state": -3.934713028473208,
  "energy_qaoa_one_state": -3.0000000000000036,
  "energy_value_exact": -4
}