{
  "expected_value_gibbs_state": -3.5894694359965276,
  "expected_value_one_state": -4.0,
  "energy_qaoa_gibbs_state": -4.080237832501224,
  "energy_qaoa_one_state": -3.9714227217366265,
  "energy_value_exact": -5
}