{
  "expected_value_gibbs_state": -3.5894694359965276,
  "expected_value_one_state": -4.0,
  "energy_qaoa_gibbs_state": -4.9711229372635195,
  "energy_qaoa_one_state": -4.170489949240622,
  "energy_value_exact": -5
}