{
  "expected_value_gibbs_state": -2.4898373248074184,
  "expected_value_one_state": -3.0,
  "energy_qaoa_gibbs_state": -3.5725885639518062,
  "energy_qaoa_one_state": -2.9999999999999045,
  "energy_value_exact": -4
}