{
  "expected_value_gibbs_state": -1.8673779936055632,
  "expected_value_one_state": -2.0,
  "energy_qaoa_gibbs_state": -2.999999999999987,
  "energy_qaoa_one_state": -2.003224554522795,
  "energy_value_exact": -3
}