{
  "expected_value_gibbs_state": -4.251859825356984,
  "expected_value_one_state": -5.0,
  "energy_qaoa_gibbs_state": -5.884943770669178,
  "energy_qaoa_one_state": -4.999999999999955,
  "energy_value_exact": -6
}