{
  "expected_value_gibbs_state": -3.1398180523470693,
  "expected_value_one_state": -4.0,
  "energy_qaoa_gibbs_state": -4.966068354890098,
  "energy_qaoa_one_state": -4.091669851486145,
  "energy_value_exact": -5
}