{
  "expected_value_gibbs_state": -3.668547246658438,
  "expected_value_one_state": -4.0,
  "energy_qaoa_gibbs_state": -4.943313179084717,
  "energy_qaoa_one_state": -3.9999999999999902,
  "energy_value_exact": -5
}