{
  "expected_value_gibbs_state": -2.489837324807418,
  "expected_value_one_state": -3.0,
  "energy_qaoa_gibbs_state": -3.648226819513712,
  "energy_qaoa_one_state": -2.9999999999999933,
  "energy_value_exact": -4
}