{
  "expected_value_gibbs_state": -3.6685472466584357,
  "expected_value_one_state": -4.0,
  "energy_qaoa_gibbs_state": -4.968086976309834,
  "energy_qaoa_one_state": -3.9999999999998925,
  "energy_value_exact": -5
}