{
  "expected_value_gibbs_state": -3.668547246658438,
  "expected_value_one_state": -4.0,
  "energy_qaoa_gibbs_state": -4.431527015720172,
  "energy_qaoa_one_state": -4.000000000000004,
  "energy_value_exact": -5
}