{
  "expected_value_gibbs_state": -3.5894694359965262,
  "expected_value_one_state": -4.0,
  "energy_qaoa_gibbs_state": -4.830209898213733,
  "energy_qaoa_one_state": -3.999999999999995,
  "energy_value_exact": -5
}