{
  "expected_value_gibbs_state": -2.9670101047946718,
  "expected_value_one_state": -3.0,
  "energy_qaoa_gibbs_state": -3.827865447589245,
  "energy_qaoa_one_state": -3.2875238554830806,
  "energy_value_exact": -4
}