{
  "expected_value_gibbs_state": -1.8673779936055634,
  "expected_value_one_state": -2.0,
  "energy_qaoa_gibbs_state": -2.9598902936906395,
  "energy_qaoa_one_state": -1.9999999999999993,
  "energy_value_exact": -3
}