{
  "expected_value_gibbs_state": -3.5894694359965267,
  "expected_value_one_state": -4.0,
  "energy_qaoa_gibbs_state": -4.200587099270041,
  "energy_qaoa_one_state": -4.000000000000001,
  "energy_value_exact": -5
}